Electrode Type,Cycle,Direction,Voltage (V),Specific Capacity (mAh/g),dQ/dV (mAh/V)
Calendered,1,Discharge,2.77,0.0061001560505036185,-0.30500780252518067
Calendered,1,Discharge,2.75,0.012200312101007237,-0.30500780252518067
Calendered,1,Discharge,2.73,0.018272095332671302,-0.303589161583203
Calendered,1,Discharge,2.71,0.024372251383174916,-0.30500780252518045
Calendered,1,Discharge,2.69,0.030358916158320336,-0.2993332387572707
Calendered,1,Discharge,2.67,0.036600936303021706,-0.31210100723506823
Calendered,1,Discharge,2.65,0.042559228259327564,-0.29791459781529267
Calendered,1,Discharge,2.63,0.04880124840402895,-0.3121010072350689
Calendered,1,Discharge,2.61,0.054759540360334806,-0.29791459781529267
Calendered,1,Discharge,2.59,0.061001560505036176,-0.31210100723506823
Calendered,1,Discharge,2.57,0.06695985246134203,-0.29791459781529267
Calendered,1,Discharge,2.55,0.07320187260604341,-0.31210100723506856
Calendered,1,Discharge,2.53,0.07916016456234927,-0.29791459781529267
Calendered,1,Discharge,2.51,0.08540218470705065,-0.31210100723506856
Calendered,1,Discharge,2.49,0.09136047666335652,-0.29791459781529994
Calendered,1,Discharge,2.47,0.0976024968080579,-0.31210100723506856
Calendered,1,Discharge,2.45,0.10356078876436374,-0.29791459781529195
Calendered,1,Discharge,2.43,0.10980280890906513,-0.3121010072350693
Calendered,1,Discharge,2.41,0.11576110086537097,-0.29791459781529195
Calendered,1,Discharge,2.39,0.12200312101007235,-0.31210100723506856
Calendered,1,Discharge,2.37,0.12796141296637822,-0.29791459781529334
Calendered,1,Discharge,2.35,0.1342034331110796,-0.31210100723506856
Calendered,1,Discharge,2.34,0.14016172506738545,-0.5958291956305707
Calendered,1,Discharge,2.32,0.14612001702369132,-0.29791459781529334
Calendered,1,Discharge,2.3,0.1523620371683927,-0.31210100723506856
Calendered,1,Discharge,2.28,0.15832032912469854,-0.29791459781529195
Calendered,1,Discharge,2.26,0.16456234926939992,-0.31210100723506856
Calendered,1,Discharge,2.24,0.17052064122570582,-0.29791459781530133
Calendered,1,Discharge,2.22,0.17676266137040716,-0.3121010072350672
Calendered,1,Discharge,2.2,0.18272095332671304,-0.29791459781529334
Calendered,1,Discharge,2.18,0.18896297347141439,-0.3121010072350672
Calendered,1,Discharge,2.16,0.19492126542772029,-0.2979145978152947
Calendered,1,Discharge,2.14,0.20116328557242164,-0.3121010072350672
Calendered,1,Discharge,2.12,0.20712157752872748,-0.29791459781529195
Calendered,1,Discharge,2.1,0.21336359767342888,-0.31210100723506995
Calendered,1,Discharge,2.08,0.21932188962973473,-0.29791459781529195
Calendered,1,Discharge,2.06,0.2255639097744361,-0.31210100723506856
Calendered,1,Discharge,2.04,0.23152220173074195,-0.29791459781529195
Calendered,1,Discharge,2.02,0.23776422187544333,-0.31210100723506856
Calendered,1,Discharge,2.0,0.2437225138317492,-0.29791459781529334
Calendered,1,Discharge,1.98,0.24996453397645058,-0.31210100723506856
Calendered,1,Discharge,1.96,0.25592282593275645,-0.29791459781529334
Calendered,1,Discharge,1.94,0.26216484607745777,-0.3121010072350658
Calendered,1,Discharge,1.92,0.26812313803376364,-0.29791459781529334
Calendered,1,Discharge,1.9,0.2740814299900695,-0.29791459781529334
Calendered,1,Discharge,1.88,0.2803234501347709,-0.31210100723506856
Calendered,1,Discharge,1.87,0.28656547027947227,-0.624202014470151
Calendered,1,Discharge,1.85,0.29224003404738264,-0.2837281883955181
Calendered,1,Discharge,1.83,0.29791459781529295,-0.28372818839551533
Calendered,1,Discharge,1.81,0.30358916158320326,-0.28372818839551533
Calendered,1,Discharge,1.79,0.31210100723506884,-0.4255922825932786
Calendered,1,Discharge,1.77,0.3177755710029792,-0.2837281883955181
Calendered,1,Discharge,1.75,0.3234501347708895,-0.28372818839551533
Calendered,1,Discharge,1.73,0.32912469853879983,-0.28372818839551533
Calendered,1,Discharge,1.71,0.3347992623067102,-0.2837281883955181
Calendered,1,Discharge,1.69,0.3404738260746205,-0.28372818839551533
Calendered,1,Discharge,1.67,0.3461483898425309,-0.2837281883955181
Calendered,1,Discharge,1.65,0.3546602354943964,-0.4255922825932758
Calendered,1,Discharge,1.63,0.380195772449993,-1.2767768477798274
Calendered,1,Discharge,1.61,0.41424315505745496,-1.7023691303731165
Calendered,1,Discharge,1.59,0.4454532557809619,-1.5605050361753456
Calendered,1,Discharge,1.57,0.4766633565044687,-1.56050503617534
Calendered,1,Discharge,1.55,0.5078734572279756,-1.5605050361753428
Calendered,1,Discharge,1.53,0.5390835579514824,-1.56050503617534
Calendered,1,Discharge,1.51,0.5702936586749894,-1.5605050361753456
Calendered,1,Discharge,1.49,0.6043410412824515,-1.7023691303731032
Calendered,1,Discharge,1.47,0.6355511420059584,-1.5605050361753456
Calendered,1,Discharge,1.45,0.6667612427294652,-1.56050503617534
Calendered,1,Discharge,1.43,0.6979713434529721,-1.56050503617534
Calendered,1,Discharge,1.41,0.7405305717122996,-2.127961412966376
Calendered,1,Discharge,1.4,0.7859270818555825,-4.539651014328279
Calendered,1,Discharge,1.38,0.8313235919988651,-2.2698255071641285
Calendered,1,Discharge,1.36,0.8795573840261031,-2.411689601361924
Calendered,1,Discharge,1.34,0.9249538941693859,-2.2698255071641396
Calendered,1,Discharge,1.32,0.9731876861966238,-2.411689601361892
Calendered,1,Discharge,1.3,1.0185841963399065,-2.269825507164134
Calendered,1,Discharge,1.28,1.0668179883671443,-2.411689601361886
Calendered,1,Discharge,1.26,1.1519364448857996,-4.255922825932764
Calendered,1,Discharge,1.24,1.2370549014044545,-4.255922825932742
Calendered,1,Discharge,1.22,1.3221733579231099,-4.255922825932764
Calendered,1,Discharge,1.2,1.407291814441765,-4.255922825932752
Calendered,1,Discharge,1.18,1.5321322173357925,-6.242020144701371
Calendered,1,Discharge,1.16,1.6626471839977301,-6.5257483330968755
Calendered,1,Discharge,1.14,1.7959994325436233,-6.6676124272946495
Calendered,1,Discharge,1.12,1.9633990636969785,-8.369981557667845
Calendered,1,Discharge,1.1,2.1307986948503337,-8.369981557667753
Calendered,1,Discharge,1.08,2.3067101716555545,-8.795573840261032
Calendered,1,Discharge,1.06,2.4797843665768196,-8.653709746063246
Calendered,1,Discharge,1.04,2.6755568165697263,-9.78862249964533
Calendered,1,Discharge,1.02,2.8656547027947226,-9.504894311249803
Calendered,1,Discharge,1.0,3.092637253511137,-11.349127535820703
Calendered,1,Discharge,0.98,3.31961980422755,-11.349127535820658
Calendered,1,Discharge,0.96,3.546602354943964,-11.349127535820681
Calendered,1,Discharge,0.94,3.7735849056603774,-11.349127535820658
Calendered,1,Discharge,0.93,4.028940275216343,-25.535536955596775
Calendered,1,Discharge,0.91,4.255922825932757,-11.349127535820703
Calendered,1,Discharge,0.89,4.511278195488722,-12.767768477798247
Calendered,1,Discharge,0.87,4.79500638388424,-14.18640941977588
Calendered,1,Discharge,0.85,5.078734572279757,-14.186409419775835
Calendered,1,Discharge,0.83,5.3908355795148255,-15.605050361753422
Calendered,1,Discharge,0.81,5.759682224428997,-18.442332245708656
Calendered,1,Discharge,0.79,6.185274507022274,-21.27961412966382
Calendered,1,Discharge,0.77,6.724358064973756,-26.95417789757408
Calendered,1,Discharge,0.75,7.376932898283445,-32.628741665484434
Calendered,1,Discharge,0.73,8.256490282309548,-43.97786920130509
Calendered,1,Discharge,0.71,9.363030217052065,-55.32699673712584
Calendered,1,Discharge,0.69,10.61143424599234,-62.42020144701369
Calendered,1,Discharge,0.67,11.859838274932615,-62.42020144701404
Calendered,1,Discharge,0.65,13.023123847354235,-58.164278621080925
Calendered,1,Discharge,0.63,14.1012909632572,-53.90835579514825
Calendered,1,Discharge,0.61,15.09433962264151,-49.6524329692154
Calendered,1,Discharge,0.59,16.002269825507163,-45.39651014328263
Calendered,1,Discharge,0.57,16.91020002837282,-45.39651014328281
Calendered,1,Discharge,0.55,17.789757412398924,-43.97786920130538
Calendered,1,Discharge,0.53,18.69768761526458,-45.39651014328281
Calendered,1,Discharge,0.51,19.57724499929068,-43.97786920130496
Calendered,1,Discharge,0.49,20.541920839835438,-48.23379202723781
Calendered,1,Discharge,0.47,21.534969499219752,-49.65243296921567
Calendered,1,Discharge,0.46,22.66988225280182,-113.4912753582073
Calendered,1,Discharge,0.44,23.861540644062988,-59.58291956305834
Calendered,1,Discharge,0.42,25.223435948361473,-68.09476521492422
Calendered,1,Discharge,0.4,26.613704071499505,-69.51340615690174
Calendered,1,Discharge,0.38,28.174209107674848,-78.02525180876707
Calendered,1,Discharge,0.36,29.791459781529298,-80.86253369272242
Calendered,1,Discharge,0.34,31.4938289119024,-85.11845651865534
Calendered,1,Discharge,0.32,33.196198042275505,-85.1184565186551
Calendered,1,Discharge,0.3,35.18229536104412,-99.30486593843062
Calendered,1,Discharge,0.28,37.16839267981274,-99.30486593843125
Calendered,1,Discharge,0.26,39.438218186976876,-113.49127535820668
Calendered,1,Discharge,0.24,41.70804369414102,-113.49127535820703
Calendered,1,Discharge,0.22,44.26159738970067,-127.67768477798255
Calendered,1,Discharge,0.2,47.09887927365584,-141.86409419775862
Calendered,1,Discharge,0.18,52.48971485317067,-269.5417789757412
Calendered,1,Discharge,0.17,70.64831891048375,-1815.8604057313119
Calendered,1,Discharge,0.15,84.26727195346858,-680.9476521492408
Calendered,1,Discharge,0.13,97.31876861966236,-652.5748333096896
Calendered,1,Discharge,0.11,109.80280890906512,-624.2020144701377
Calendered,1,Discharge,0.1,126.25904383600512,-1645.6234926940008
Calendered,1,Discharge,0.1,144.41764789331822,
Calendered,1,Discharge,0.09,160.02269825507165,-1560.5050361753413
Calendered,1,Discharge,0.09,178.18130231238476,
Calendered,1,Discharge,0.09,194.92126542772027,
Calendered,1,Discharge,0.08,237.4804936870478,-4255.9228259327565
Calendered,1,Discharge,0.07,272.66278904809195,-3518.2295361044157
Calendered,1,Discharge,0.07,295.0773159313378,
Calendered,1,Discharge,0.06,309.26372535111364,-1418.6409419775814
Calendered,1,Discharge,0.06,331.961980422755,
Calendered,1,Discharge,0.06,357.4975173783516,
Calendered,1,Discharge,0.05,400.0567456376791,-4255.9228259327565
Calendered,1,Charge,0.07,0.41140587317349986,41.14058731734995
Calendered,1,Charge,0.08,2.423038728897716,201.1632855724217
Calendered,1,Charge,0.09,6.100156050503618,367.71173216059043
Calendered,1,Charge,0.1,15.207830897999719,910.7674847496091
Calendered,1,Charge,0.1,46.24769470846929,
Calendered,1,Charge,0.1,71.78323166406584,
Calendered,1,Charge,0.1,96.75131224287134,
Calendered,1,Charge,0.11,124.27294651723649,2752.163427436517
Calendered,1,Charge,0.12,144.98510427010922,2071.2157752872736
Calendered,1,Charge,0.12,159.1715136898851,
Calendered,1,Charge,0.13,179.31621506596682,2014.4701376081696
Calendered,1,Charge,0.14,204.28429564477233,2496.808057880549
Calendered,1,Charge,0.14,228.9686480351823,
Calendered,1,Charge,0.14,264.7183997730175,
Calendered,1,Charge,0.15,286.56547027947227,2184.707050645481
Calendered,1,Charge,0.16,297.91459781529295,1134.9127535820676
Calendered,1,Charge,0.17,306.4264434671585,851.1845651865534
Calendered,1,Charge,0.17,317.7755710029792,
Calendered,1,Charge,0.18,326.28741665484466,851.1845651865501
Calendered,1,Charge,0.19,331.961980422755,567.4563767910338
Calendered,1,Charge,0.2,334.7992623067102,283.72818839551974
Calendered,1,Charge,0.21,340.47382607462055,567.4563767910353
Calendered,1,Charge,0.21,346.1483898425309,
Calendered,1,Charge,0.22,351.82295361044123,567.4563767910338
Calendered,1,Charge,0.22,357.4975173783516,
Calendered,1,Charge,0.23,368.84664491417226,1134.9127535820676
Calendered,1,Charge,0.24,371.6839267981274,283.7281883955148
Calendered,1,Charge,0.25,374.5212086820826,283.72818839551974
Calendered,1,Charge,0.25,374.5212086820826,
Calendered,1,Charge,0.26,377.35849056603774,283.72818839551405
Calendered,1,Charge,0.27,377.35849056603774,0.0
Calendered,1,Charge,0.28,377.35849056603774,0.0
Calendered,1,Charge,0.29,380.19577244999294,283.7281883955213
Calendered,1,Charge,0.3,380.19577244999294,0.0
Calendered,1,Charge,0.31,380.19577244999294,0.0
Calendered,1,Charge,0.32,380.19577244999294,0.0
Calendered,1,Charge,0.32,383.0330543339481,
Calendered,1,Charge,0.33,383.0330543339481,0.0
Calendered,1,Charge,0.34,383.0330543339481,0.0
Calendered,1,Charge,0.35,383.0330543339481,0.0
Calendered,1,Charge,0.36,383.0330543339481,0.0
Calendered,1,Charge,0.37,385.8703362179033,283.72818839551974
Calendered,1,Charge,0.38,385.8703362179033,0.0
Calendered,1,Charge,0.39,385.8703362179033,0.0
Calendered,1,Charge,0.39,385.8703362179033,
Calendered,1,Charge,0.4,385.8703362179033,0.0
Calendered,1,Charge,0.41,385.8703362179033,0.0
Calendered,1,Charge,0.42,388.70761810185843,283.72818839551405
Calendered,1,Charge,0.43,388.70761810185843,0.0
Calendered,1,Charge,0.44,388.70761810185843,0.0
Calendered,1,Charge,0.45,388.70761810185843,0.0
Calendered,1,Charge,0.46,388.70761810185843,0.0
Calendered,1,Charge,0.46,388.70761810185843,
Calendered,1,Charge,0.47,388.70761810185843,0.0
Calendered,1,Charge,0.48,391.54489998581363,283.72818839551974
Calendered,1,Charge,0.49,391.54489998581363,0.0
Calendered,1,Charge,0.5,391.54489998581363,0.0
Calendered,1,Charge,0.51,391.54489998581363,0.0
Calendered,1,Charge,0.52,391.54489998581363,0.0
Calendered,1,Charge,0.53,391.54489998581363,0.0
Calendered,1,Charge,0.53,391.54489998581363,
Calendered,1,Charge,0.54,391.54489998581363,0.0
Calendered,1,Charge,0.55,391.54489998581363,0.0
Calendered,1,Charge,0.56,394.3821818697688,283.72818839551405
Calendered,1,Charge,0.57,394.3821818697688,0.0
Calendered,1,Charge,0.58,394.3821818697688,0.0
Calendered,1,Charge,0.59,394.3821818697688,0.0
Calendered,1,Charge,0.6,394.3821818697688,0.0
Calendered,1,Charge,0.6,394.3821818697688,
Calendered,1,Charge,0.61,394.3821818697688,0.0
Calendered,1,Charge,0.62,394.3821818697688,0.0
Calendered,1,Charge,0.63,394.3821818697688,0.0
Calendered,1,Charge,0.64,394.3821818697688,0.0
Calendered,1,Charge,0.65,394.3821818697688,0.0
Calendered,1,Charge,0.66,394.3821818697688,0.0
Calendered,1,Charge,0.67,394.3821818697688,0.0
Calendered,1,Charge,0.67,394.3821818697688,
Calendered,1,Charge,0.68,394.3821818697688,0.0
Calendered,1,Charge,0.69,397.21946375372397,283.72818839552286
Calendered,1,Charge,0.7,397.21946375372397,0.0
Calendered,1,Charge,0.71,397.21946375372397,0.0
Calendered,1,Charge,0.72,397.21946375372397,0.0
Calendered,1,Charge,0.73,397.21946375372397,0.0
Calendered,1,Charge,0.74,397.21946375372397,0.0
Calendered,1,Charge,0.74,397.21946375372397,
Calendered,1,Charge,0.75,397.21946375372397,0.0
Calendered,1,Charge,0.76,397.21946375372397,0.0
Calendered,1,Charge,0.77,397.21946375372397,0.0
Calendered,1,Charge,0.78,397.21946375372397,0.0
Calendered,1,Charge,0.79,397.21946375372397,0.0
Calendered,1,Charge,0.8,397.21946375372397,0.0
Calendered,1,Charge,0.81,397.21946375372397,0.0
Calendered,1,Charge,0.81,397.21946375372397,
Calendered,1,Charge,0.82,397.21946375372397,0.0
Calendered,1,Charge,0.83,397.21946375372397,0.0
Calendered,1,Charge,0.84,397.21946375372397,0.0
Calendered,1,Charge,0.85,397.21946375372397,0.0
Calendered,1,Charge,0.86,397.21946375372397,0.0
Calendered,1,Charge,0.87,397.21946375372397,0.0
Calendered,1,Charge,0.88,397.21946375372397,0.0
Calendered,1,Charge,0.88,397.21946375372397,
Calendered,1,Charge,0.89,397.21946375372397,0.0
Calendered,1,Charge,0.9,397.21946375372397,0.0
Calendered,1,Charge,0.91,397.21946375372397,0.0
Calendered,1,Charge,0.92,397.21946375372397,0.0
Calendered,1,Charge,0.93,397.21946375372397,0.0
Calendered,1,Charge,0.94,397.21946375372397,0.0
Calendered,1,Charge,0.95,397.21946375372397,0.0
Calendered,1,Charge,0.95,400.0567456376791,
Calendered,1,Charge,0.96,400.0567456376791,0.0
Calendered,1,Charge,0.97,400.0567456376791,0.0
Calendered,1,Charge,0.98,400.0567456376791,0.0
Calendered,1,Charge,0.99,400.0567456376791,0.0
Calendered,1,Charge,1.0,400.0567456376791,0.0
Calendered,1,Charge,1.01,400.0567456376791,0.0
Calendered,1,Charge,1.02,400.0567456376791,0.0
Calendered,1,Charge,1.02,400.0567456376791,
Calendered,1,Charge,1.03,400.0567456376791,0.0
Calendered,1,Charge,1.04,400.0567456376791,0.0
Calendered,1,Charge,1.05,400.0567456376791,0.0
Calendered,1,Charge,1.06,400.0567456376791,0.0
Calendered,1,Charge,1.07,400.0567456376791,0.0
Calendered,1,Charge,1.08,400.0567456376791,0.0
Calendered,1,Charge,1.09,400.0567456376791,0.0
Calendered,1,Charge,1.09,400.0567456376791,
Calendered,1,Charge,1.1,400.0567456376791,0.0
Calendered,1,Charge,1.11,400.0567456376791,0.0
Calendered,1,Charge,1.12,400.0567456376791,0.0
Calendered,1,Charge,1.13,400.0567456376791,0.0
Calendered,1,Charge,1.14,400.0567456376791,0.0
Calendered,1,Charge,1.15,400.0567456376791,0.0
Calendered,1,Charge,1.16,400.0567456376791,0.0
Calendered,1,Charge,1.16,400.0567456376791,
Calendered,1,Charge,1.17,400.0567456376791,0.0
Calendered,1,Charge,1.18,400.0567456376791,0.0
Calendered,1,Charge,1.19,400.0567456376791,0.0
Calendered,1,Charge,1.2,400.0567456376791,0.0
Calendered,1,Charge,1.21,400.0567456376791,0.0
Calendered,1,Charge,1.22,400.0567456376791,0.0
Calendered,1,Charge,1.23,400.0567456376791,0.0
Calendered,1,Charge,1.23,400.0567456376791,
Calendered,1,Charge,1.24,400.0567456376791,0.0
Calendered,1,Charge,1.25,400.0567456376791,0.0
Calendered,1,Charge,1.26,400.0567456376791,0.0
Calendered,1,Charge,1.27,400.0567456376791,0.0
Calendered,1,Charge,1.28,400.0567456376791,0.0
Calendered,1,Charge,1.29,400.0567456376791,0.0
Calendered,1,Charge,1.3,400.0567456376791,0.0
Calendered,1,Charge,1.3,402.8940275216343,
Calendered,2,Discharge,1.23,0.0182153496949922,
Calendered,2,Discharge,1.22,0.036317208114626194,-1.8101858419633976
Calendered,2,Discharge,1.21,0.054759540360334806,-1.8442332245708595
Calendered,2,Discharge,1.2,0.0729181444176479,-1.8158604057313084
Calendered,2,Discharge,1.19,0.09107674847496099,-1.8158604057313064
Calendered,2,Discharge,1.18,0.1092353525322741,-1.815860405731309
Calendered,2,Discharge,1.18,0.1276776847779827,
Calendered,2,Discharge,1.17,0.1458362888352958,-1.8158604057313106
Calendered,2,Discharge,1.16,0.1639948928926089,-1.8158604057313077
Calendered,2,Discharge,1.15,0.18215349694992197,-1.815860405731305
Calendered,2,Discharge,1.14,0.2005958291956306,-1.844233224570861
Calendered,2,Discharge,1.13,0.2187544332529437,-1.8158604057313077
Calendered,2,Discharge,1.13,0.2369130373102568,
Calendered,2,Discharge,1.12,0.2550716413675699,-1.8158604057313452
Calendered,2,Discharge,1.11,0.2735139736132785,-1.844233224570861
Calendered,2,Discharge,1.1,0.29224003404738264,-1.8726060434104115
Calendered,2,Discharge,1.09,0.3092637253511136,-1.7023691303730977
Calendered,2,Discharge,1.08,0.32912469853879983,-1.9860973187686186
Calendered,2,Discharge,1.08,0.3461483898425309,
Calendered,2,Discharge,1.07,0.3745212086820826,-2.8372818839551703
Calendered,2,Discharge,1.06,0.41140587317349986,-3.688466449141722
Calendered,2,Discharge,1.05,0.448290537664917,-3.688466449141711
Calendered,2,Discharge,1.04,0.48517520215633425,-3.688466449141722
Calendered,2,Discharge,1.03,0.5220598666477515,-3.688466449141722
Calendered,2,Discharge,1.03,0.5589445311391688,
Calendered,2,Discharge,1.02,0.5958291956305859,-3.688466449141711
Calendered,2,Discharge,1.01,0.6327138601220031,-3.688466449141722
Calendered,2,Discharge,1.0,0.6695985246134204,-3.688466449141722
Calendered,2,Discharge,0.99,0.7064831891048375,-3.688466449141711
Calendered,2,Discharge,0.98,0.7547169811320755,-4.823379202723794
Calendered,2,Discharge,0.98,0.8029507731593134,
Calendered,2,Discharge,0.97,0.8511845651865514,-4.823379202723794
Calendered,2,Discharge,0.96,0.8994183572137893,-4.823379202723784
Calendered,2,Discharge,0.95,0.9476521492410273,-4.823379202723794
Calendered,2,Discharge,0.94,0.995885941268265,-4.823379202723772
Calendered,2,Discharge,0.93,1.0412824514115477,-4.539651014328318
Calendered,2,Discharge,0.93,1.092353525322741,
Calendered,2,Discharge,0.92,1.146261881117889,-5.390835579514803
Calendered,2,Discharge,0.91,1.1973329550290823,-5.107107391119321
Calendered,2,Discharge,0.9,1.2512413108242306,-5.3908355795148255
Calendered,2,Discharge,0.89,1.3023123847354234,-5.107107391119277
Calendered,2,Discharge,0.88,1.356220740530572,-5.390835579514848
Calendered,2,Discharge,0.88,1.407291814441765,
Calendered,2,Discharge,0.87,1.4697120158887789,-6.2420201447013826
Calendered,2,Discharge,0.86,1.5349694992197476,-6.525748333096864
Calendered,2,Discharge,0.85,1.5973897006667612,-6.24202014470136
Calendered,2,Discharge,0.84,1.6626471839977301,-6.525748333096886
Calendered,2,Discharge,0.83,1.7279046673286993,-6.525748333096908
Calendered,2,Discharge,0.83,1.7959994325436233,
Calendered,2,Discharge,0.82,1.8754433252943683,-7.944389275074497
Calendered,2,Discharge,0.81,1.9520499361611576,-7.660661086679011
Calendered,2,Discharge,0.8,2.0314938289119024,-7.9443892750744745
Calendered,2,Discharge,0.79,2.1109377216626473,-7.9443892750744745
Calendered,2,Discharge,0.78,2.1960561781813026,-8.511845651865528
Calendered,2,Discharge,0.78,2.2811746346999575,
Calendered,2,Discharge,0.77,2.366293091218613,-8.511845651865528
Calendered,2,Discharge,0.76,2.454248829621223,-8.79557384026101
Calendered,2,Discharge,0.75,2.550716413675699,-9.646758405447589
Calendered,2,Discharge,0.74,2.652858561498085,-10.214214782238598
Calendered,2,Discharge,0.73,2.7550007093204716,-10.214214782238642
Calendered,2,Discharge,0.73,2.8656547027947226,
Calendered,2,Discharge,0.72,2.9791459781529297,-11.349127535820703
Calendered,2,Discharge,0.71,3.092637253511137,-11.349127535820703
Calendered,2,Discharge,0.7,3.234501347708895,-14.18640941977579
Calendered,2,Discharge,0.69,3.3763654419066538,-14.18640941977588
Calendered,2,Discharge,0.68,3.489856717264861,-11.349127535820829
Calendered,2,Discharge,0.67,3.631720811462619,-14.18640941977579
Calendered,2,Discharge,0.67,3.8019577244999296,
Calendered,2,Discharge,0.66,3.943821818697688,-14.186409419775835
Calendered,2,Discharge,0.65,4.114058731734998,-17.023691303730967
Calendered,2,Discharge,0.64,4.284295644772309,-17.023691303731056
Calendered,2,Discharge,0.63,4.454532557809618,-17.023691303730967
Calendered,2,Discharge,0.62,4.65314228968648,-19.86097318768614
Calendered,2,Discharge,0.62,4.823379202723791,
Calendered,2,Discharge,0.61,5.021988934600652,-19.86097318768614
Calendered,2,Discharge,0.6,5.220598666477515,-19.86097318768623
Calendered,2,Discharge,0.59,5.419208398354377,-19.86097318768623
Calendered,2,Discharge,0.58,5.64619094907079,-22.698255071641228
Calendered,2,Discharge,0.57,5.873173499787204,-22.698255071641405
Calendered,2,Discharge,0.57,6.100156050503618,
Calendered,2,Discharge,0.56,6.327138601220032,-22.69825507164157
Calendered,2,Discharge,0.55,6.582493970775998,-25.535536955596584
Calendered,2,Discharge,0.54,6.837849340331963,-25.535536955596495
Calendered,2,Discharge,0.53,7.064831891048375,-22.698255071641228
Calendered,2,Discharge,0.52,7.348560079443893,-28.37281883955176
Calendered,2,Discharge,0.52,7.63228826783941,
Calendered,2,Discharge,0.51,7.916016456234928,-28.37281883955176
Calendered,2,Discharge,0.5,8.228117463469996,-31.210100723506756
Calendered,2,Discharge,0.49,8.511845651865514,-28.37281883955176
Calendered,2,Discharge,0.48,8.852319477940133,-34.047382607461934
Calendered,2,Discharge,0.47,9.164420485175201,-31.210100723506756
Calendered,2,Discharge,0.47,9.504894311249823,
Calendered,2,Discharge,0.46,9.873740956163994,-36.88466449141731
Calendered,2,Discharge,0.45,10.242587601078169,-36.88466449141746
Calendered,2,Discharge,0.44,10.583061427152787,-34.047382607461756
Calendered,2,Discharge,0.43,11.008653709746065,-42.55922825932782
Calendered,2,Discharge,0.42,11.405873173499788,-39.72194637537228
Calendered,2,Discharge,0.42,11.803092637253512,
Calendered,2,Discharge,0.41,12.228684919846787,-42.55922825932746
Calendered,2,Discharge,0.4,12.682650021279615,-45.396510143283066
Calendered,2,Discharge,0.39,13.136615122712442,-45.39651014328263
Calendered,2,Discharge,0.38,13.618953042984822,-48.23379202723799
Calendered,2,Discharge,0.37,14.1012909632572,-48.23379202723781
Calendered,2,Discharge,0.37,14.612001702369131,
Calendered,2,Discharge,0.36,15.122712441481063,-51.07107391119317
Calendered,2,Discharge,0.35,15.690168818272097,-56.74563767910334
Calendered,2,Discharge,0.34,16.22925237622358,-53.90835579514864
Calendered,2,Discharge,0.33,16.825081571854163,-59.58291956305816
Calendered,2,Discharge,0.32,17.42091076748475,-59.58291956305852
Calendered,2,Discharge,0.32,18.045112781954888,
Calendered,2,Discharge,0.31,18.69768761526458,-65.25748333096922
Calendered,2,Discharge,0.3,19.378635267413824,-68.09476521492422
Calendered,2,Discharge,0.29,20.08795573840261,-70.93204709887851
Calendered,2,Discharge,0.28,20.768903390551852,-68.09476521492459
Calendered,2,Discharge,0.27,21.534969499219752,-76.60661086678992
Calendered,2,Discharge,0.27,22.3294084267272,
Calendered,2,Discharge,0.26,23.1522201730742,-82.28117463469992
Calendered,2,Discharge,0.25,24.031777557100302,-87.95573840261028
Calendered,2,Discharge,0.24,24.939707759965952,-90.79302028656491
Calendered,2,Discharge,0.23,25.932756419350266,-99.3048659384316
Calendered,2,Discharge,0.22,26.897432259895023,-96.46758405447562
Calendered,2,Discharge,0.22,28.03234501347709,
Calendered,2,Discharge,0.21,29.50773159313378,-147.5386579656688
Calendered,2,Discharge,0.2,35.18229536104412,-567.4563767910349
Calendered,2,Discharge,0.19,47.95006383884239,-1276.7768477798259
Calendered,2,Discharge,0.18,55.32699673712584,-737.6932898283443
Calendered,2,Discharge,0.18,59.86664775145411,
Calendered,2,Discharge,0.17,64.40629876578238,-453.96510143282796
Calendered,2,Discharge,0.16,69.22967796850618,-482.3379202723795
Calendered,2,Discharge,0.15,73.76932898283445,-453.9651014328267
Calendered,2,Discharge,0.14,80.29507731593134,-652.5748333096898
Calendered,2,Discharge,0.14,85.96964108384168,
Calendered,2,Discharge,0.13,92.21166122854306,-624.202014470138
Calendered,2,Discharge,0.12,99.87232231522202,-766.066108667895
Calendered,2,Discharge,0.12,109.5190807206696,
Calendered,2,Discharge,0.11,124.27294651723649,-1475.3865796566893
Calendered,2,Discharge,0.11,148.10611434245993,
Calendered,2,Discharge,0.11,175.3440204284296,
Calendered,2,Discharge,0.11,200.31210100723507,
Calendered,2,Discharge,0.1,213.9310540502199,-1361.8953042984833
Calendered,2,Discharge,0.09,223.5778124556675,-964.675840544759
Calendered,2,Discharge,0.08,229.81983260036887,-624.2020144701374
Calendered,2,Discharge,0.08,253.9367286139878,
Calendered,2,Discharge,0.08,278.90480919279327,
Calendered,2,Discharge,0.07,306.4264434671585,-2752.163427436524
Calendered,2,Discharge,0.07,334.7992623067102,
Calendered,2,Discharge,0.07,360.3347992623067,
Calendered,2,Discharge,0.06,377.35849056603774,-1702.3691303731011
Calendered,2,Discharge,0.05,385.8703362179033,-851.1845651865547
Calendered,2,Charge,0.07,0.58164278621081,58.164278621080946
Calendered,2,Charge,0.08,3.0075187969924815,242.58760107816724
Calendered,2,Charge,0.09,7.376932898283445,436.9414101290966
Calendered,2,Charge,0.1,20.20144701376082,1282.4514115477364
Calendered,2,Charge,0.1,54.47581217193929,
Calendered,2,Charge,0.1,79.16016456234928,
Calendered,2,Charge,0.1,93.91403035891616,
Calendered,2,Charge,0.1,102.42587601078168,
Calendered,2,Charge,0.11,114.05873173499788,1163.2855724216206
Calendered,2,Charge,0.11,123.42176195204995,
Calendered,2,Charge,0.11,133.35224854589305,
Calendered,2,Charge,0.11,142.7152787629451,
Calendered,2,Charge,0.12,152.3620371683927,964.6758405447604
Calendered,2,Charge,0.13,164.27862108100442,1191.6583912611702
Calendered,2,Charge,0.13,172.79046673286993,
Calendered,2,Charge,0.13,178.46503050078027,
Calendered,2,Charge,0.13,185.5582352106682,
Calendered,2,Charge,0.14,197.4748191232799,1191.6583912611702
Calendered,2,Charge,0.14,207.405305717123,
Calendered,2,Charge,0.14,215.3496949921975,
Calendered,2,Charge,0.14,224.71272520924956,
Calendered,2,Charge,0.14,234.0757554263016,
Calendered,2,Charge,0.14,249.11334941126404,
Calendered,2,Charge,0.14,260.1787487586892,
Calendered,2,Charge,0.14,272.0953326713009,
Calendered,2,Charge,0.15,283.7281883955171,1163.2855724216222
Calendered,2,Charge,0.16,297.91459781529295,1418.6409419775814
Calendered,2,Charge,0.17,309.26372535111364,1134.9127535820676
Calendered,2,Charge,0.18,320.6128528869343,1134.9127535820705
Calendered,2,Charge,0.18,326.28741665484466,
Calendered,2,Charge,0.19,334.7992623067102,851.1845651865534
Calendered,2,Charge,0.2,340.47382607462055,567.4563767910338
Calendered,2,Charge,0.21,346.1483898425309,567.4563767910353
Calendered,2,Charge,0.22,351.82295361044123,567.4563767910338
Calendered,2,Charge,0.23,368.84664491417226,1702.3691303731011
Calendered,2,Charge,0.24,374.5212086820826,567.4563767910353
Calendered,2,Charge,0.25,374.5212086820826,0.0
Calendered,2,Charge,0.26,377.35849056603774,283.72818839551405
Calendered,2,Charge,0.27,377.35849056603774,0.0
Calendered,2,Charge,0.28,377.35849056603774,0.0
Calendered,2,Charge,0.29,380.19577244999294,283.7281883955213
Calendered,2,Charge,0.3,380.19577244999294,0.0
Calendered,2,Charge,0.31,380.19577244999294,0.0
Calendered,2,Charge,0.31,383.0330543339481,
Calendered,2,Charge,0.32,383.0330543339481,0.0
Calendered,2,Charge,0.33,383.0330543339481,0.0
Calendered,2,Charge,0.34,383.0330543339481,0.0
Calendered,2,Charge,0.35,385.8703362179033,283.7281883955213
Calendered,2,Charge,0.36,385.8703362179033,0.0
Calendered,2,Charge,0.37,385.8703362179033,0.0
Calendered,2,Charge,0.38,385.8703362179033,0.0
Calendered,2,Charge,0.39,385.8703362179033,0.0
Calendered,2,Charge,0.4,388.70761810185843,283.72818839551405
Calendered,2,Charge,0.41,388.70761810185843,0.0
Calendered,2,Charge,0.42,388.70761810185843,0.0
Calendered,2,Charge,0.43,388.70761810185843,0.0
Calendered,2,Charge,0.44,388.70761810185843,0.0
Calendered,2,Charge,0.45,388.70761810185843,0.0
Calendered,2,Charge,0.46,391.54489998581363,283.72818839551974
Calendered,2,Charge,0.47,391.54489998581363,0.0
Calendered,2,Charge,0.47,391.54489998581363,
Calendered,2,Charge,0.48,391.54489998581363,0.0
Calendered,2,Charge,0.49,391.54489998581363,0.0
Calendered,2,Charge,0.5,391.54489998581363,0.0
Calendered,2,Charge,0.51,391.54489998581363,0.0
Calendered,2,Charge,0.52,391.54489998581363,0.0
Calendered,2,Charge,0.53,394.3821818697688,283.72818839551405
Calendered,2,Charge,0.54,394.3821818697688,0.0
Calendered,2,Charge,0.55,394.3821818697688,0.0
Calendered,2,Charge,0.56,394.3821818697688,0.0
Calendered,2,Charge,0.57,394.3821818697688,0.0
Calendered,2,Charge,0.58,394.3821818697688,0.0
Calendered,2,Charge,0.59,394.3821818697688,0.0
Calendered,2,Charge,0.6,394.3821818697688,0.0
Calendered,2,Charge,0.61,394.3821818697688,0.0
Calendered,2,Charge,0.62,394.3821818697688,0.0
Calendered,2,Charge,0.63,394.3821818697688,0.0
Calendered,2,Charge,0.63,394.3821818697688,
Calendered,2,Charge,0.64,397.21946375372397,283.72818839551974
Calendered,2,Charge,0.65,397.21946375372397,0.0
Calendered,2,Charge,0.66,397.21946375372397,0.0
Calendered,2,Charge,0.67,397.21946375372397,0.0
Calendered,2,Charge,0.68,397.21946375372397,0.0
Calendered,2,Charge,0.69,397.21946375372397,0.0
Calendered,2,Charge,0.7,397.21946375372397,0.0
Calendered,2,Charge,0.71,397.21946375372397,0.0
Calendered,2,Charge,0.72,397.21946375372397,0.0
Calendered,2,Charge,0.73,397.21946375372397,0.0
Calendered,2,Charge,0.74,397.21946375372397,0.0
Calendered,2,Charge,0.75,397.21946375372397,0.0
Calendered,2,Charge,0.76,397.21946375372397,0.0
Calendered,2,Charge,0.77,397.21946375372397,0.0
Calendered,2,Charge,0.78,397.21946375372397,0.0
Calendered,2,Charge,0.79,397.21946375372397,0.0
Calendered,2,Charge,0.79,397.21946375372397,
Calendered,2,Charge,0.8,397.21946375372397,0.0
Calendered,2,Charge,0.81,397.21946375372397,0.0
Calendered,2,Charge,0.82,397.21946375372397,0.0
Calendered,2,Charge,0.83,397.21946375372397,0.0
Calendered,2,Charge,0.84,397.21946375372397,0.0
Calendered,2,Charge,0.85,400.0567456376791,283.72818839551405
Calendered,2,Charge,0.86,400.0567456376791,0.0
Calendered,2,Charge,0.87,400.0567456376791,0.0
Calendered,2,Charge,0.88,400.0567456376791,0.0
Calendered,2,Charge,0.89,400.0567456376791,0.0
Calendered,2,Charge,0.9,400.0567456376791,0.0
Calendered,2,Charge,0.91,400.0567456376791,0.0
Calendered,2,Charge,0.92,400.0567456376791,0.0
Calendered,2,Charge,0.93,400.0567456376791,0.0
Calendered,2,Charge,0.94,400.0567456376791,0.0
Calendered,2,Charge,0.95,400.0567456376791,0.0
Calendered,2,Charge,0.95,400.0567456376791,
Calendered,2,Charge,0.96,400.0567456376791,0.0
Calendered,2,Charge,0.97,400.0567456376791,0.0
Calendered,2,Charge,0.98,400.0567456376791,0.0
Calendered,2,Charge,0.99,400.0567456376791,0.0
Calendered,2,Charge,1.0,400.0567456376791,0.0
Calendered,2,Charge,1.01,400.0567456376791,0.0
Calendered,2,Charge,1.02,400.0567456376791,0.0
Calendered,2,Charge,1.03,400.0567456376791,0.0
Calendered,2,Charge,1.04,400.0567456376791,0.0
Calendered,2,Charge,1.05,400.0567456376791,0.0
Calendered,2,Charge,1.06,400.0567456376791,0.0
Calendered,2,Charge,1.07,400.0567456376791,0.0
Calendered,2,Charge,1.08,400.0567456376791,0.0
Calendered,2,Charge,1.09,400.0567456376791,0.0
Calendered,2,Charge,1.1,400.0567456376791,0.0
Calendered,2,Charge,1.11,400.0567456376791,0.0
Calendered,2,Charge,1.11,400.0567456376791,
Calendered,2,Charge,1.12,400.0567456376791,0.0
Calendered,2,Charge,1.13,400.0567456376791,0.0
Calendered,2,Charge,1.14,400.0567456376791,0.0
Calendered,2,Charge,1.15,400.0567456376791,0.0
Calendered,2,Charge,1.16,400.0567456376791,0.0
Calendered,2,Charge,1.17,400.0567456376791,0.0
Calendered,2,Charge,1.18,400.0567456376791,0.0
Calendered,2,Charge,1.19,400.0567456376791,0.0
Calendered,2,Charge,1.2,400.0567456376791,0.0
Calendered,2,Charge,1.21,400.0567456376791,0.0
Calendered,2,Charge,1.22,400.0567456376791,0.0
Calendered,2,Charge,1.23,400.0567456376791,0.0
Calendered,2,Charge,1.24,400.0567456376791,0.0
Calendered,2,Charge,1.25,400.0567456376791,0.0
Calendered,2,Charge,1.26,400.0567456376791,0.0
Calendered,2,Charge,1.27,400.0567456376791,0.0
Calendered,2,Charge,1.27,400.0567456376791,
Calendered,2,Charge,1.28,400.0567456376791,0.0
Calendered,2,Charge,1.29,402.8940275216343,283.72818839551974
Calendered,2,Charge,1.3,402.8940275216343,0.0
Uncalendered,1,Discharge,2.68,0.003546099290780142,-0.17730496453900696
Uncalendered,1,Discharge,2.67,0.007092198581560284,-0.35460992907800604
Uncalendered,1,Discharge,2.66,0.010638297872340425,-0.35460992907802164
Uncalendered,1,Discharge,2.65,0.014184397163120569,-0.35460992907800615
Uncalendered,1,Discharge,2.64,0.017730496453900707,-0.3546099290780214
Uncalendered,1,Discharge,2.63,0.02127659574468085,-0.35460992907800615
Uncalendered,1,Discharge,2.62,0.02482269503546099,-0.3546099290780216
Uncalendered,1,Discharge,2.61,0.028368794326241138,-0.3546099290780065
Uncalendered,1,Discharge,2.59,0.031914893617021274,-0.17730496453900668
Uncalendered,1,Discharge,2.58,0.035460992907801414,-0.3546099290780216
Uncalendered,1,Discharge,2.57,0.039193729003359455,-0.37327360955579547
Uncalendered,1,Discharge,2.56,0.0425531914893617,-0.33594624860023176
Uncalendered,1,Discharge,2.55,0.04628592758491974,-0.37327360955579547
Uncalendered,1,Discharge,2.54,0.04964539007092198,-0.3359462486002311
Uncalendered,1,Discharge,2.53,0.05337812616648002,-0.37327360955579547
Uncalendered,1,Discharge,2.52,0.056737588652482275,-0.3359462486002325
Uncalendered,1,Discharge,2.5,0.06047032474804031,-0.18663680477790154
Uncalendered,1,Discharge,2.49,0.06382978723404255,-0.3359462486002311
Uncalendered,1,Discharge,2.48,0.06756252332960058,-0.3732736095557948
Uncalendered,1,Discharge,2.47,0.07092198581560283,-0.33594624860023176
Uncalendered,1,Discharge,2.46,0.07465472191116086,-0.3732736095557948
Uncalendered,1,Discharge,2.45,0.07801418439716312,-0.33594624860023314
Uncalendered,1,Discharge,2.44,0.08174692049272116,-0.3732736095557948
Uncalendered,1,Discharge,2.43,0.0851063829787234,-0.33594624860023176
Uncalendered,1,Discharge,2.41,0.08883911907428144,-0.18663680477790154
Uncalendered,1,Discharge,2.4,0.09219858156028367,-0.33594624860021544
Uncalendered,1,Discharge,2.39,0.09593131765584173,-0.3732736095558141
Uncalendered,1,Discharge,2.38,0.09929078014184396,-0.33594624860021544
Uncalendered,1,Discharge,2.37,0.103023516237402,-0.37327360955581135
Uncalendered,1,Discharge,2.36,0.10638297872340426,-0.3359462486002182
Uncalendered,1,Discharge,2.35,0.11011571481896228,-0.37327360955580996
Uncalendered,1,Discharge,2.34,0.11347517730496455,-0.3359462486002196
Uncalendered,1,Discharge,2.32,0.11720791340052257,-0.18663680477790084
Uncalendered,1,Discharge,2.31,0.12056737588652482,-0.33594624860023176
Uncalendered,1,Discharge,2.3,0.12430011198208284,-0.3732736095557934
Uncalendered,1,Discharge,2.29,0.1276595744680851,-0.33594624860023314
Uncalendered,1,Discharge,2.28,0.13139231056364312,-0.3732736095557934
Uncalendered,1,Discharge,2.27,0.1347517730496454,-0.33594624860023453
Uncalendered,1,Discharge,2.26,0.1384845091452034,-0.3732736095557934
Uncalendered,1,Discharge,2.25,0.14184397163120566,-0.33594624860023176
Uncalendered,1,Discharge,2.23,0.1455767077267637,-0.18663680477790223
Uncalendered,1,Discharge,2.22,0.14893617021276595,-0.33594624860023176
Uncalendered,1,Discharge,2.21,0.152668906308324,-0.3732736095557962
Uncalendered,1,Discharge,2.2,0.15602836879432624,-0.33594624860023176
Uncalendered,1,Discharge,2.19,0.1597611048898843,-0.3732736095557962
Uncalendered,1,Discharge,2.18,0.1631205673758865,-0.335946248600229
Uncalendered,1,Discharge,2.17,0.16685330347144456,-0.3732736095557962
Uncalendered,1,Discharge,2.16,0.1702127659574468,-0.33594624860023176
Uncalendered,1,Discharge,2.14,0.17394550205300485,-0.18663680477790223
Uncalendered,1,Discharge,2.13,0.17730496453900707,-0.33594624860021405
Uncalendered,1,Discharge,2.12,0.18103770063456515,-0.3732736095558155
Uncalendered,1,Discharge,2.11,0.18439716312056734,-0.3359462486002113
Uncalendered,1,Discharge,2.1,0.1881298992161254,-0.3732736095558155
Uncalendered,1,Discharge,2.09,0.19148936170212766,-0.3359462486002168
Uncalendered,1,Discharge,2.08,0.19522209779768568,-0.37327360955580996
Uncalendered,1,Discharge,2.07,0.19858156028368792,-0.3359462486002168
Uncalendered,1,Discharge,2.06,0.20231429637924594,-0.37327360955580996
Uncalendered,1,Discharge,2.04,0.20567375886524822,-0.16797312430011355
Uncalendered,1,Discharge,2.03,0.20940649496080627,-0.3732736095557962
Uncalendered,1,Discharge,2.02,0.2127659574468085,-0.33594624860023176
Uncalendered,1,Discharge,2.01,0.2164986935423665,-0.37327360955579064
Uncalendered,1,Discharge,2.0,0.21985815602836875,-0.33594624860023176
Uncalendered,1,Discharge,1.99,0.2235908921239268,-0.37327360955580446
Uncalendered,1,Discharge,1.98,0.2269503546099291,-0.33594624860022987
Uncalendered,1,Discharge,1.97,0.2306830907054871,-0.3732736095557989
Uncalendered,1,Discharge,1.95,0.23404255319148934,-0.16797312430011216
Uncalendered,1,Discharge,1.94,0.2377752892870474,-0.37327360955580446
Uncalendered,1,Discharge,1.93,0.24113475177304963,-0.3359462486002243
Uncalendered,1,Discharge,1.92,0.24486748786860768,-0.37327360955580446
Uncalendered,1,Discharge,1.91,0.24822695035460993,-0.3359462486002243
Uncalendered,1,Discharge,1.9,0.251959686450168,-0.37327360955580446
Uncalendered,1,Discharge,1.89,0.2553191489361702,-0.33594624860022154
Uncalendered,1,Discharge,1.88,0.25905188503172827,-0.37327360955580724
Uncalendered,1,Discharge,1.86,0.26241134751773043,-0.16797312430010986
Uncalendered,1,Discharge,1.85,0.2661440836132885,-0.37327360955580724
Uncalendered,1,Discharge,1.84,0.2695035460992908,-0.3359462486002271
Uncalendered,1,Discharge,1.83,0.27323628219484886,-0.37327360955580724
Uncalendered,1,Discharge,1.82,0.33855916386711454,-6.532288167226563
Uncalendered,1,Discharge,1.81,0.4404628592758491,-10.190369540873448
Uncalendered,1,Discharge,1.8,0.5449794699514744,-10.451661067562519
Uncalendered,1,Discharge,1.79,0.6159014557670772,-7.092198581560276
Uncalendered,1,Discharge,1.77,0.6868234415826799,-3.5460992907801328
Uncalendered,1,Discharge,1.76,0.757745427398283,-7.092198581560298
Uncalendered,1,Discharge,1.75,0.8286674132138856,-7.092198581560254
Uncalendered,1,Discharge,1.74,0.8697275102650242,-4.106009705113852
Uncalendered,1,Discharge,1.73,0.9107876073161626,-4.1060097051138404
Uncalendered,1,Discharge,1.72,0.9518477043673013,-4.106009705113863
Uncalendered,1,Discharge,1.71,0.9929078014184397,-4.1060097051138404
Uncalendered,1,Discharge,1.7,1.0339678984695782,-4.1060097051138404
Uncalendered,1,Discharge,1.68,1.0750279955207165,-2.053004852556915
Uncalendered,1,Discharge,1.67,1.112355356476297,-3.7327360955580393
Uncalendered,1,Discharge,1.66,1.1459499813363194,-3.3594624860022484
Uncalendered,1,Discharge,1.65,1.1758118701007838,-2.9861888764464357
Uncalendered,1,Discharge,1.64,1.209406494960806,-3.359462486002226
Uncalendered,1,Discharge,1.63,1.2430011198208286,-3.3594624860022484
Uncalendered,1,Discharge,1.62,1.272863008585293,-2.986188876446502
Uncalendered,1,Discharge,1.61,1.3064576334453153,-3.359462486002226
Uncalendered,1,Discharge,1.59,1.3363195222097797,-1.4930944382232179
Uncalendered,1,Discharge,1.58,1.369914147069802,-3.359462486002226
Uncalendered,1,Discharge,1.57,1.4035087719298243,-3.359462486002226
Uncalendered,1,Discharge,1.56,1.437103396789847,-3.3594624860022706
Uncalendered,1,Discharge,1.55,1.4706980216498693,-3.359462486002226
Uncalendered,1,Discharge,1.54,1.5080253826054497,-3.7327360955580393
Uncalendered,1,Discharge,1.53,1.541620007465472,-3.359462486002226
Uncalendered,1,Discharge,1.52,1.5752146323254947,-3.3594624860022706
Uncalendered,1,Discharge,1.5,1.608809257185517,-1.679731243001113
Uncalendered,1,Discharge,1.49,1.6424038820455393,-3.359462486002226
Uncalendered,1,Discharge,1.48,1.690929451287794,-4.852556924225455
Uncalendered,1,Discharge,1.47,1.7431877566256064,-5.225830533781246
Uncalendered,1,Discharge,1.46,1.7917133258678608,-4.852556924225433
Uncalendered,1,Discharge,1.45,1.8402388951101158,-4.8525569242255
Uncalendered,1,Discharge,1.44,1.892497200447928,-5.225830533781202
Uncalendered,1,Discharge,1.43,1.9447555057857406,-5.225830533781268
Uncalendered,1,Discharge,1.42,2.0044792833146694,-5.972377752892871
Uncalendered,1,Discharge,1.4,2.064203060843598,-2.9861888764464357
Uncalendered,1,Discharge,1.39,2.1239268383725265,-5.972377752892827
Uncalendered,1,Discharge,1.38,2.1836506159014553,-5.972377752892871
Uncalendered,1,Discharge,1.37,2.247107129525942,-6.345651362448825
Uncalendered,1,Discharge,1.36,2.314296379245987,-6.718924972004497
Uncalendered,1,Discharge,1.35,2.3814856289660318,-6.718924972004452
Uncalendered,1,Discharge,1.34,2.4486748786860764,-6.718924972004452
Uncalendered,1,Discharge,1.33,2.5195968645016795,-7.09219858156031
Uncalendered,1,Discharge,1.31,2.5942515864128404,-3.7327360955580393
Uncalendered,1,Discharge,1.3,2.668906308324001,-7.465472191116079
Uncalendered,1,Discharge,1.29,2.743561030235162,-7.465472191116079
Uncalendered,1,Discharge,1.28,2.825681224337439,-8.212019410227704
Uncalendered,1,Discharge,1.27,2.904068682344158,-7.838745800671891
Uncalendered,1,Discharge,1.26,2.986188876446435,-8.21201941022766
Uncalendered,1,Discharge,1.25,3.07204180664427,-8.585293019783517
Uncalendered,1,Discharge,1.24,3.1616274729376634,-8.95856662933933
Uncalendered,1,Discharge,1.22,3.247480403135498,-4.292646509891714
Uncalendered,1,Discharge,1.21,3.3407988055244493,-9.331840238895142
Uncalendered,1,Discharge,1.2,3.437849944008958,-9.705113848450866
Uncalendered,1,Discharge,1.19,3.5349010824934677,-9.705113848450955
Uncalendered,1,Discharge,1.18,3.6394176931690927,-10.451661067562492
Uncalendered,1,Discharge,1.17,3.7327360955580438,-9.331840238895097
Uncalendered,1,Discharge,1.16,3.8447181784247846,-11.198208286674072
Uncalendered,1,Discharge,1.15,3.9940276222471063,-14.930944382232157
Uncalendered,1,Discharge,1.13,4.106009705113848,-5.599104143337103
Uncalendered,1,Discharge,1.12,4.21799178798059,-11.198208286674365
Uncalendered,1,Discharge,1.11,4.329973870847331,-11.198208286674117
Uncalendered,1,Discharge,1.1,4.441955953714072,-11.198208286674117
Uncalendered,1,Discharge,1.09,4.553938036580813,-11.198208286674028
Uncalendered,1,Discharge,1.08,4.703247480403135,-14.930944382232246
Uncalendered,1,Discharge,1.07,4.8152295632698765,-11.198208286674117
Uncalendered,1,Discharge,1.06,4.927211646136618,-11.198208286674117
Uncalendered,1,Discharge,1.04,5.0765210899589395,-7.465472191116079
Uncalendered,1,Discharge,1.03,5.188503172825681,-11.198208286674117
Uncalendered,1,Discharge,1.02,5.337812616648002,-14.930944382232157
Uncalendered,1,Discharge,1.01,5.487122060470324,-14.930944382232157
Uncalendered,1,Discharge,1.0,5.599104143337065,-11.198208286674117
Uncalendered,1,Discharge,0.99,5.748413587159388,-14.930944382232246
Uncalendered,1,Discharge,0.98,5.89772303098171,-14.930944382232157
Uncalendered,1,Discharge,0.97,6.0470324748040305,-14.930944382232068
Uncalendered,1,Discharge,0.95,6.196341918626353,-7.465472191116123
Uncalendered,1,Discharge,0.94,6.345651362448674,-14.930944382232068
Uncalendered,1,Discharge,0.93,6.494960806270996,-14.930944382232322
Uncalendered,1,Discharge,0.92,6.644270250093318,-14.930944382232246
Uncalendered,1,Discharge,0.91,6.83090705487122,-18.663680477790194
Uncalendered,1,Discharge,0.9,6.980216498693541,-14.930944382232068
Uncalendered,1,Discharge,0.89,7.166853303471443,-18.663680477790194
Uncalendered,1,Discharge,0.88,7.353490108249347,-18.663680477790372
Uncalendered,1,Discharge,0.87,7.540126913027248,-18.663680477790106
Uncalendered,1,Discharge,0.85,7.7267637178051505,-9.331840238895097
Uncalendered,1,Discharge,0.84,7.950727883538633,-22.396416573348233
Uncalendered,1,Discharge,0.83,8.212019410227697,-26.12915266890636
Uncalendered,1,Discharge,0.82,8.510638297872338,-29.861888764464137
Uncalendered,1,Discharge,0.81,8.958566629339305,-44.79283314669714
Uncalendered,1,Discharge,0.8,9.55580440462859,-59.72377752892845
Uncalendered,1,Discharge,0.79,10.3023516237402,-74.65472191116096
Uncalendered,1,Discharge,0.78,11.310190369540873,-100.78387458006715
Uncalendered,1,Discharge,0.76,12.504665920119447,-59.72377752892863
Uncalendered,1,Discharge,0.75,13.587159387831278,-108.24934677118304
Uncalendered,1,Discharge,0.74,14.55767077267637,-97.0511384845092
Uncalendered,1,Discharge,0.73,15.378872713699138,-82.12019410227668
Uncalendered,1,Discharge,0.72,16.16274729376633,-78.38745800671909
Uncalendered,1,Discharge,0.71,16.90929451287794,-74.65472191116078
Uncalendered,1,Discharge,0.7,17.655841731989547,-74.65472191116078
Uncalendered,1,Discharge,0.69,18.439716312056735,-78.38745800671873
Uncalendered,1,Discharge,0.67,19.148936170212764,-35.46099290780161
Uncalendered,1,Discharge,0.66,19.932810750279952,-78.38745800671873
Uncalendered,1,Discharge,0.65,20.828667413213886,-89.58566629339329
Uncalendered,1,Discharge,0.64,23.068309070548707,-223.964165733482
Uncalendered,1,Discharge,0.65,26.017170586039565,294.8861515490855
Uncalendered,1,Discharge,0.64,27.510265024262782,-149.30944382232155
Uncalendered,1,Discharge,0.64,29.488615154908544,
Uncalendered,1,Discharge,0.64,30.869727510265022,
Uncalendered,1,Discharge,0.63,33.22135125046659,-235.16237402015656
Uncalendered,1,Discharge,0.64,35.94624860022396,272.4897349757368
Uncalendered,1,Discharge,0.63,37.70063456513624,-175.43859649122794
Uncalendered,1,Discharge,0.62,39.19372900335946,-149.30944382232155
Uncalendered,1,Discharge,0.62,40.686823441582675,
Uncalendered,1,Discharge,0.63,42.926465098917504,223.9641657334827
Uncalendered,1,Discharge,0.62,44.79283314669652,-186.63680477790177
Uncalendered,1,Discharge,0.61,46.28592758491974,-149.30944382232155
Uncalendered,1,Discharge,0.61,48.52556924225457,
Uncalendered,1,Discharge,0.6,50.018663680477786,-149.30944382232155
Uncalendered,1,Discharge,0.59,53.37812616648002,-335.9462486002233
Uncalendered,1,Discharge,0.59,55.991041433370654,
Uncalendered,1,Discharge,0.58,58.603956700261286,-261.2915266890629
Uncalendered,1,Discharge,0.57,60.843598357596115,-223.9641657334827
Uncalendered,1,Discharge,0.56,63.82978723404255,-298.61888764464646
Uncalendered,1,Discharge,0.55,66.44270250093318,-261.2915266890629
Uncalendered,1,Discharge,0.54,68.68234415826801,-223.9641657334827
Uncalendered,1,Discharge,0.53,71.29525942515863,-261.2915266890622
Uncalendered,1,Discharge,0.52,73.53490108249346,-223.9641657334827
Uncalendered,1,Discharge,0.5,76.14781634938409,-130.6457633445311
Uncalendered,1,Discharge,0.49,78.76073161627473,-261.29152668906363
Uncalendered,1,Discharge,0.48,81.37364688316535,-261.2915266890622
Uncalendered,1,Discharge,0.47,83.98656215005599,-261.29152668906363
Uncalendered,1,Discharge,0.46,86.59947741694661,-261.29152668906363
Uncalendered,1,Discharge,0.45,88.83911907428144,-223.9641657334827
Uncalendered,1,Discharge,0.44,91.45203434117207,-261.2915266890622
Uncalendered,1,Discharge,0.43,94.0649496080627,-261.29152668906363
Uncalendered,1,Discharge,0.41,96.30459126539753,-111.98208286674135
Uncalendered,1,Discharge,0.4,98.91750653228816,-261.29152668906363
Uncalendered,1,Discharge,0.39,101.90369540873459,-298.6188876446431
Uncalendered,1,Discharge,0.38,104.51661067562522,-261.2915266890622
Uncalendered,1,Discharge,0.37,107.12952594251585,-261.29152668906363
Uncalendered,1,Discharge,0.36,109.36916759985068,-223.9641657334827
Uncalendered,1,Discharge,0.35,111.98208286674131,-261.2915266890622
Uncalendered,1,Discharge,0.34,114.22172452407614,-223.96416573348395
Uncalendered,1,Discharge,0.32,116.83463979096676,-130.6457633445311
Uncalendered,1,Discharge,0.31,119.4475550578574,-261.29152668906363
Uncalendered,1,Discharge,0.3,121.68719671519223,-223.9641657334827
Uncalendered,1,Discharge,0.29,124.67338559163866,-298.6188876446431
Uncalendered,1,Discharge,0.28,127.28630085852929,-261.29152668906363
Uncalendered,1,Discharge,0.27,130.27248973497572,-298.6188876446431
Uncalendered,1,Discharge,0.26,133.25867861142217,-298.61888764464453
Uncalendered,1,Discharge,0.25,136.2448674878686,-298.6188876446417
Uncalendered,1,Discharge,0.23,139.60432997387085,-167.97312430011297
Uncalendered,1,Discharge,0.22,143.3370660694289,-373.27360955580355
Uncalendered,1,Discharge,0.21,147.06980216498692,-373.27360955580355
Uncalendered,1,Discharge,0.2,151.54908547965658,-447.92833146696665
Uncalendered,1,Discharge,0.19,165.73348264277715,-1418.4397163120552
Uncalendered,1,Discharge,0.18,180.6644270250093,-1493.0944382232142
Uncalendered,1,Discharge,0.17,189.24972004479278,-858.5293019783494
Uncalendered,1,Discharge,0.16,197.4617394550205,-821.2019410227718
Uncalendered,1,Discharge,0.14,206.047032474804,-429.26465098917555
Uncalendered,1,Discharge,0.13,217.24524076147813,-1119.8208286674108
Uncalendered,1,Discharge,0.12,228.07017543859646,-1082.4934677118326
Uncalendered,1,Discharge,0.11,243.74766703994024,-1567.7491601343781
Uncalendered,1,Discharge,0.1,284.80776409107875,-4106.009705113854
Uncalendered,1,Discharge,0.1,330.34714445688684,
Uncalendered,1,Discharge,0.08,349.0108249346771,-933.1840238895123
Uncalendered,1,Discharge,0.07,360.9555804404628,-1194.4755505785743
Uncalendered,1,Discharge,0.07,395.67002612915263,
Uncalendered,1,Discharge,0.06,451.6610675625233,-5599.104143337059
Uncalendered,1,Discharge,0.05,477.7902202314296,-2612.915266890634
Uncalendered,1,Charge,0.08,0.18365061590145573,18.365061590145583
Uncalendered,1,Charge,0.08,0.6606942889137737,
Uncalendered,1,Charge,0.09,1.8327734229189991,117.2079134005226
Uncalendered,1,Charge,0.09,3.770063456513624,
Uncalendered,1,Charge,0.1,7.129525942515864,335.94624860022367
Uncalendered,1,Charge,0.1,13.997760358342664,
Uncalendered,1,Charge,0.11,30.421799178798057,1642.4038820455403
Uncalendered,1,Charge,0.11,45.539380365808135,
Uncalendered,1,Charge,0.11,62.709966405375134,
Uncalendered,1,Charge,0.12,73.90817469204926,1119.820828667413
Uncalendered,1,Charge,0.12,82.49346771183276,
Uncalendered,1,Charge,0.13,90.70548712206046,821.201941022769
Uncalendered,1,Charge,0.13,99.29078014184397,
Uncalendered,1,Charge,0.14,111.98208286674131,1269.130272489733
Uncalendered,1,Charge,0.14,129.8992161254199,
Uncalendered,1,Charge,0.15,151.54908547965658,2164.986935423671
Uncalendered,1,Charge,0.15,166.48002986188874,
Uncalendered,1,Charge,0.15,176.93169092945126,
Uncalendered,1,Charge,0.16,185.14371033967896,821.201941022769
Uncalendered,1,Charge,0.16,190.36954087346024,
Uncalendered,1,Charge,0.17,194.84882418812987,447.92833146696256
Uncalendered,1,Charge,0.17,200.07465472191114,
Uncalendered,1,Charge,0.18,205.3004852556924,522.5830533781259
Uncalendered,1,Charge,0.18,209.03322135125043,
Uncalendered,1,Charge,0.19,212.01941022769688,298.61888764464453
Uncalendered,1,Charge,0.19,214.63232549458752,
Uncalendered,1,Charge,0.2,217.99178798058975,335.94624860022265
Uncalendered,1,Charge,0.2,221.35125046659198,
Uncalendered,1,Charge,0.21,223.96416573348262,261.29152668906437
Uncalendered,1,Charge,0.21,226.20380739081745,
Uncalendered,1,Charge,0.22,227.69690182904066,149.30944382232084
Uncalendered,1,Charge,0.22,230.6830907054871,
Uncalendered,1,Charge,0.23,237.4020156774916,671.8924972004481
Uncalendered,1,Charge,0.23,241.50802538260544,
Uncalendered,1,Charge,0.24,243.74766703994024,223.96416573348048
Uncalendered,1,Charge,0.24,244.86748786860767,
Uncalendered,1,Charge,0.25,245.6140350877193,74.65472191116184
Uncalendered,1,Charge,0.25,245.98730869727507,
Uncalendered,1,Charge,0.26,246.7338559163867,74.65472191116184
Uncalendered,1,Charge,0.26,247.1071295259425,
Uncalendered,1,Charge,0.27,247.4804031354983,37.32736095558092
Uncalendered,1,Charge,0.27,247.8536767450541,
Uncalendered,1,Charge,0.28,248.2269503546099,37.32736095558092
Uncalendered,1,Charge,0.28,248.6002239641657,
Uncalendered,1,Charge,0.29,249.34677118327733,74.65472191116226
Uncalendered,1,Charge,0.29,249.34677118327733,
Uncalendered,1,Charge,0.3,249.72004479283314,37.32736095558092
Uncalendered,1,Charge,0.3,250.09331840238892,
Uncalendered,1,Charge,0.31,250.46659201194473,37.32736095558092
Uncalendered,1,Charge,0.31,250.83986562150054,
Uncalendered,1,Charge,0.32,251.21313923105635,37.32736095558092
Uncalendered,1,Charge,0.32,251.58641284061216,
Uncalendered,1,Charge,0.33,251.95968645016794,37.32736095557808
Uncalendered,1,Charge,0.33,252.33296005972375,
Uncalendered,1,Charge,0.34,252.33296005972375,0.0
Uncalendered,1,Charge,0.34,252.70623366927956,
Uncalendered,1,Charge,0.35,253.07950727883537,37.32736095558113
Uncalendered,1,Charge,0.35,253.45278088839117,
Uncalendered,1,Charge,0.36,253.45278088839117,0.0
Uncalendered,1,Charge,0.36,253.82605449794696,
Uncalendered,1,Charge,0.37,254.19932810750277,37.32736095558092
Uncalendered,1,Charge,0.37,254.57260171705857,
Uncalendered,1,Charge,0.38,254.57260171705857,0.0
Uncalendered,1,Charge,0.38,254.94587532661438,
Uncalendered,1,Charge,0.39,255.3191489361702,37.32736095558092
Uncalendered,1,Charge,0.39,255.3191489361702,
Uncalendered,1,Charge,0.4,255.692422545726,37.32736095558092
Uncalendered,1,Charge,0.4,256.0656961552818,
Uncalendered,1,Charge,0.41,256.0656961552818,0.0
Uncalendered,1,Charge,0.41,256.4389697648376,
Uncalendered,1,Charge,0.42,256.4389697648376,0.0
Uncalendered,1,Charge,0.42,256.8122433743934,
Uncalendered,1,Charge,0.43,257.1855169839492,37.32736095557808
Uncalendered,1,Charge,0.43,257.1855169839492,
Uncalendered,1,Charge,0.44,257.558790593505,37.327360955583764
Uncalendered,1,Charge,0.44,257.558790593505,
Uncalendered,1,Charge,0.45,257.9320642030608,37.32736095557808
Uncalendered,1,Charge,0.45,257.9320642030608,
Uncalendered,1,Charge,0.46,258.30533781261664,37.327360955583764
Uncalendered,1,Charge,0.46,258.6786114221724,
Uncalendered,1,Charge,0.47,258.6786114221724,0.0
Uncalendered,1,Charge,0.47,259.0518850317282,
Uncalendered,1,Charge,0.48,259.0518850317282,0.0
Uncalendered,1,Charge,0.48,259.42515864128404,
Uncalendered,1,Charge,0.49,259.42515864128404,0.0
Uncalendered,1,Charge,0.49,259.7984322508398,
Uncalendered,1,Charge,0.5,259.7984322508398,0.0
Uncalendered,1,Charge,0.5,259.7984322508398,
Uncalendered,1,Charge,0.51,260.17170586039566,37.327360955583764
Uncalendered,1,Charge,0.51,260.17170586039566,
Uncalendered,1,Charge,0.52,260.54497946995144,37.32736095557808
Uncalendered,1,Charge,0.52,260.54497946995144,
Uncalendered,1,Charge,0.53,260.9182530795073,37.327360955583764
Uncalendered,1,Charge,0.53,260.9182530795073,
Uncalendered,1,Charge,0.54,261.29152668906306,37.32736095557808
Uncalendered,1,Charge,0.54,261.29152668906306,
Uncalendered,1,Charge,0.55,261.29152668906306,0.0
Uncalendered,1,Charge,0.55,261.66480029861884,
Uncalendered,1,Charge,0.56,261.66480029861884,0.0
Uncalendered,1,Charge,0.56,262.0380739081747,
Uncalendered,1,Charge,0.57,262.0380739081747,0.0
Uncalendered,1,Charge,0.57,262.0380739081747,
Uncalendered,1,Charge,0.58,262.41134751773046,37.32736095557808
Uncalendered,1,Charge,0.58,262.41134751773046,
Uncalendered,1,Charge,0.59,262.41134751773046,0.0
Uncalendered,1,Charge,0.59,262.7846211272863,
Uncalendered,1,Charge,0.6,262.7846211272863,0.0
Uncalendered,1,Charge,0.6,262.7846211272863,
Uncalendered,1,Charge,0.61,263.1578947368421,37.32736095557808
Uncalendered,1,Charge,0.61,263.1578947368421,
Uncalendered,1,Charge,0.62,263.1578947368421,0.0
Uncalendered,1,Charge,0.62,263.53116834639786,
Uncalendered,1,Charge,0.63,263.53116834639786,0.0
Uncalendered,1,Charge,0.63,263.53116834639786,
Uncalendered,1,Charge,0.64,263.9044419559537,37.327360955583764
Uncalendered,1,Charge,0.64,263.9044419559537,
Uncalendered,1,Charge,0.65,263.9044419559537,0.0
Uncalendered,1,Charge,0.65,264.2777155655095,
Uncalendered,1,Charge,0.66,264.2777155655095,0.0
Uncalendered,1,Charge,0.66,264.2777155655095,
Uncalendered,1,Charge,0.67,264.2777155655095,0.0
Uncalendered,1,Charge,0.67,264.6509891750653,
Uncalendered,1,Charge,0.68,264.6509891750653,0.0
Uncalendered,1,Charge,0.68,264.6509891750653,
Uncalendered,1,Charge,0.69,265.0242627846211,37.3273609555785
Uncalendered,1,Charge,0.69,265.0242627846211,
Uncalendered,1,Charge,0.7,265.0242627846211,0.0
Uncalendered,1,Charge,0.7,265.0242627846211,
Uncalendered,1,Charge,0.71,265.3975363941769,37.32736095557808
Uncalendered,1,Charge,0.71,265.3975363941769,
Uncalendered,1,Charge,0.72,265.3975363941769,0.0
Uncalendered,1,Charge,0.72,265.3975363941769,
Uncalendered,1,Charge,0.73,265.3975363941769,0.0
Uncalendered,1,Charge,0.73,265.7708100037327,
Uncalendered,1,Charge,0.74,265.7708100037327,0.0
Uncalendered,1,Charge,0.74,265.7708100037327,
Uncalendered,1,Charge,0.75,265.7708100037327,0.0
Uncalendered,1,Charge,0.75,266.1440836132885,
Uncalendered,1,Charge,0.76,266.1440836132885,0.0
Uncalendered,1,Charge,0.76,266.1440836132885,
Uncalendered,1,Charge,0.77,266.1440836132885,0.0
Uncalendered,1,Charge,0.77,266.1440836132885,
Uncalendered,1,Charge,0.77,266.51735722284434,
Uncalendered,1,Charge,0.78,266.51735722284434,0.0
Uncalendered,1,Charge,0.78,266.51735722284434,
Uncalendered,1,Charge,0.79,266.51735722284434,0.0
Uncalendered,1,Charge,0.79,266.51735722284434,
Uncalendered,1,Charge,0.8,266.8906308324001,37.32736095557808
Uncalendered,1,Charge,0.8,266.8906308324001,
Uncalendered,1,Charge,0.81,266.8906308324001,0.0
Uncalendered,1,Charge,0.81,266.8906308324001,
Uncalendered,1,Charge,0.82,266.8906308324001,0.0
Uncalendered,1,Charge,0.82,266.8906308324001,
Uncalendered,1,Charge,0.83,267.2639044419559,37.32736095557808
Uncalendered,1,Charge,0.83,267.2639044419559,
Uncalendered,1,Charge,0.84,267.2639044419559,0.0
Uncalendered,1,Charge,0.84,267.2639044419559,
Uncalendered,1,Charge,0.85,267.2639044419559,0.0
Uncalendered,1,Charge,0.85,267.63717805151174,
Uncalendered,1,Charge,0.86,267.63717805151174,0.0
Uncalendered,1,Charge,0.86,267.63717805151174,
Uncalendered,1,Charge,0.87,267.63717805151174,0.0
Uncalendered,1,Charge,0.87,267.63717805151174,
Uncalendered,1,Charge,0.88,267.63717805151174,0.0
Uncalendered,1,Charge,0.88,268.0104516610675,
Uncalendered,1,Charge,0.89,268.0104516610675,0.0
Uncalendered,1,Charge,0.89,268.0104516610675,
Uncalendered,1,Charge,0.9,268.0104516610675,0.0
Uncalendered,1,Charge,0.9,268.0104516610675,
Uncalendered,1,Charge,0.91,268.0104516610675,0.0
Uncalendered,1,Charge,0.91,268.0104516610675,
Uncalendered,1,Charge,0.92,268.38372527062336,37.327360955583764
Uncalendered,1,Charge,0.92,268.38372527062336,
Uncalendered,1,Charge,0.93,268.38372527062336,0.0
Uncalendered,1,Charge,0.93,268.38372527062336,
Uncalendered,1,Charge,0.94,268.38372527062336,0.0
Uncalendered,1,Charge,0.94,268.38372527062336,
Uncalendered,1,Charge,0.95,268.75699888017914,37.32736095557808
Uncalendered,1,Charge,0.95,268.75699888017914,
Uncalendered,1,Charge,0.96,268.75699888017914,0.0
Uncalendered,1,Charge,0.96,268.75699888017914,
Uncalendered,1,Charge,0.97,268.75699888017914,0.0
Uncalendered,1,Charge,0.97,268.75699888017914,
Uncalendered,1,Charge,0.98,269.1302724897349,37.32736095557808
Uncalendered,1,Charge,0.98,269.1302724897349,
Uncalendered,1,Charge,0.99,269.1302724897349,0.0
Uncalendered,1,Charge,0.99,269.1302724897349,
Uncalendered,1,Charge,1.0,269.1302724897349,0.0
Uncalendered,1,Charge,1.0,269.1302724897349,
Uncalendered,1,Charge,1.01,269.1302724897349,0.0
Uncalendered,1,Charge,1.01,269.50354609929076,
Uncalendered,1,Charge,1.02,269.50354609929076,0.0
Uncalendered,1,Charge,1.02,269.50354609929076,
Uncalendered,1,Charge,1.03,269.50354609929076,0.0
Uncalendered,1,Charge,1.03,269.50354609929076,
Uncalendered,1,Charge,1.04,269.87681970884654,37.32736095557808
Uncalendered,1,Charge,1.04,269.87681970884654,
Uncalendered,1,Charge,1.05,269.87681970884654,0.0
Uncalendered,1,Charge,1.05,269.87681970884654,
Uncalendered,1,Charge,1.06,269.87681970884654,0.0
Uncalendered,1,Charge,1.06,269.87681970884654,
Uncalendered,1,Charge,1.07,270.2500933184024,37.327360955583764
Uncalendered,1,Charge,1.07,270.2500933184024,
Uncalendered,1,Charge,1.08,270.2500933184024,0.0
Uncalendered,1,Charge,1.08,270.2500933184024,
Uncalendered,1,Charge,1.09,270.2500933184024,0.0
Uncalendered,1,Charge,1.09,270.62336692795816,
Uncalendered,1,Charge,1.1,270.62336692795816,0.0
Uncalendered,1,Charge,1.1,270.62336692795816,
Uncalendered,1,Charge,1.11,270.62336692795816,0.0
Uncalendered,1,Charge,1.11,270.62336692795816,
Uncalendered,1,Charge,1.12,270.996640537514,37.327360955583764
Uncalendered,1,Charge,1.12,270.996640537514,
Uncalendered,1,Charge,1.13,270.996640537514,0.0
Uncalendered,1,Charge,1.13,270.996640537514,
Uncalendered,1,Charge,1.14,271.3699141470698,37.32736095557808
Uncalendered,1,Charge,1.14,271.3699141470698,
Uncalendered,1,Charge,1.15,271.3699141470698,0.0
Uncalendered,1,Charge,1.15,271.3699141470698,
Uncalendered,1,Charge,1.16,271.3699141470698,0.0
Uncalendered,1,Charge,1.16,271.74318775662556,
Uncalendered,1,Charge,1.17,271.74318775662556,0.0
Uncalendered,1,Charge,1.17,271.74318775662556,
Uncalendered,1,Charge,1.18,271.74318775662556,0.0
Uncalendered,1,Charge,1.18,272.1164613661814,
Uncalendered,1,Charge,1.19,272.1164613661814,0.0
Uncalendered,1,Charge,1.19,272.1164613661814,
Uncalendered,1,Charge,1.2,272.1164613661814,0.0
Uncalendered,1,Charge,1.2,272.4897349757372,
Uncalendered,1,Charge,1.21,272.4897349757372,0.0
Uncalendered,1,Charge,1.21,272.4897349757372,
Uncalendered,1,Charge,1.22,272.4897349757372,0.0
Uncalendered,1,Charge,1.22,272.863008585293,
Uncalendered,1,Charge,1.23,272.863008585293,0.0
Uncalendered,1,Charge,1.23,272.863008585293,
Uncalendered,1,Charge,1.24,272.863008585293,0.0
Uncalendered,1,Charge,1.24,273.2362821948488,
Uncalendered,1,Charge,1.25,273.2362821948488,0.0
Uncalendered,1,Charge,1.25,273.2362821948488,
Uncalendered,1,Charge,1.26,273.2362821948488,0.0
Uncalendered,1,Charge,1.26,273.6095558044046,
Uncalendered,1,Charge,1.27,273.6095558044046,0.0
Uncalendered,1,Charge,1.27,273.6095558044046,
Uncalendered,1,Charge,1.28,273.6095558044046,0.0
Uncalendered,1,Charge,1.28,273.9828294139604,
Uncalendered,1,Charge,1.29,273.9828294139604,0.0
Uncalendered,1,Charge,1.29,273.9828294139604,
Uncalendered,1,Charge,1.3,274.3561030235162,37.32736095557808
Uncalendered,1,Charge,1.3,274.3561030235162,
Uncalendered,2,Discharge,1.11,0.007838745800671891,
Uncalendered,2,Discharge,1.1,0.015640164240388204,-0.7801418439716306
Uncalendered,2,Discharge,1.1,0.023478910041060095,
Uncalendered,2,Discharge,1.09,0.03131765584173199,-0.7838745800671888
Uncalendered,2,Discharge,1.09,0.039193729003359455,
Uncalendered,2,Discharge,1.08,0.04703247480403135,-0.7838745800671891
Uncalendered,2,Discharge,1.08,0.05487122060470325,
Uncalendered,2,Discharge,1.08,0.06270996640537513,
Uncalendered,2,Discharge,1.07,0.07054871220604703,-0.7838745800671891
Uncalendered,2,Discharge,1.07,0.07838745800671891,
Uncalendered,2,Discharge,1.06,0.08622620380739081,-0.7838745800671891
Uncalendered,2,Discharge,1.06,0.0940649496080627,
Uncalendered,2,Discharge,1.05,0.1019036954087346,-0.7838745800671891
Uncalendered,2,Discharge,1.05,0.1097424412094065,
Uncalendered,2,Discharge,1.05,0.11758118701007837,
Uncalendered,2,Discharge,1.04,0.12504665920119448,-0.7465472191116104
Uncalendered,2,Discharge,1.04,0.13288540500186638,
Uncalendered,2,Discharge,1.03,0.14072415080253825,-0.7838745800671864
Uncalendered,2,Discharge,1.03,0.14856289660321012,
Uncalendered,2,Discharge,1.02,0.15640164240388202,-0.7838745800671891
Uncalendered,2,Discharge,1.02,0.16424038820455392,
Uncalendered,2,Discharge,1.02,0.17207913400522581,
Uncalendered,2,Discharge,1.01,0.1799178798058977,-0.7838745800671891
Uncalendered,2,Discharge,1.01,0.1877566256065696,
Uncalendered,2,Discharge,1.0,0.1955953714072415,-0.7838745800671891
Uncalendered,2,Discharge,1.0,0.20343411720791335,
Uncalendered,2,Discharge,0.99,0.21127286300858525,-0.7838745800671891
Uncalendered,2,Discharge,0.99,0.21911160880925715,
Uncalendered,2,Discharge,0.99,0.2269503546099291,
Uncalendered,2,Discharge,0.98,0.23478910041060094,-0.7838745800671836
Uncalendered,2,Discharge,0.98,0.24262784621127284,
Uncalendered,2,Discharge,0.97,0.25046659201194477,-0.7838745800671919
Uncalendered,2,Discharge,0.97,0.2583053378126166,
Uncalendered,2,Discharge,0.96,0.2661440836132885,-0.7838745800671891
Uncalendered,2,Discharge,0.96,0.2739828294139604,
Uncalendered,2,Discharge,0.96,0.2926465098917506,
Uncalendered,2,Discharge,0.95,0.3116834639790967,-1.9036954087346052
Uncalendered,2,Discharge,0.95,0.3310936916759985,
Uncalendered,2,Discharge,0.94,0.35013064576334446,-1.903695408734594
Uncalendered,2,Discharge,0.94,0.36916759985069053,
Uncalendered,2,Discharge,0.93,0.38820455393803655,-1.903695408734621
Uncalendered,2,Discharge,0.93,0.4068682344158267,
Uncalendered,2,Discharge,0.93,0.425531914893617,
Uncalendered,2,Discharge,0.92,0.4441955953714072,-1.866368047779014
Uncalendered,2,Discharge,0.92,0.4628592758491974,
Uncalendered,2,Discharge,0.91,0.4852556924225457,-2.239641657334827
Uncalendered,2,Discharge,0.91,0.503919372900336,
Uncalendered,2,Discharge,0.9,0.522583053378126,-1.8663680477790086
Uncalendered,2,Discharge,0.9,0.5412467338559164,
Uncalendered,2,Discharge,0.9,0.5636431504292646,
Uncalendered,2,Discharge,0.89,0.5897723030981709,-2.612915266890623
Uncalendered,2,Discharge,0.89,0.6159014557670772,
Uncalendered,2,Discharge,0.88,0.6420306084359835,-2.612915266890623
Uncalendered,2,Discharge,0.88,0.6681597611048898,
Uncalendered,2,Discharge,0.87,0.6942889137737961,-2.612915266890623
Uncalendered,2,Discharge,0.87,0.7204180664427025,
Uncalendered,2,Discharge,0.87,0.7428144830160507,
Uncalendered,2,Discharge,0.86,0.768943635684957,-2.612915266890634
Uncalendered,2,Discharge,0.86,0.7950727883538633,
Uncalendered,2,Discharge,0.85,0.8212019410227697,-2.612915266890634
Uncalendered,2,Discharge,0.85,0.854796565882792,
Uncalendered,2,Discharge,0.84,0.8883911907428144,-3.3594624860022373
Uncalendered,2,Discharge,0.84,0.9219858156028369,
Uncalendered,2,Discharge,0.84,0.9555804404628592,
Uncalendered,2,Discharge,0.83,0.9929078014184397,-3.7327360955580504
Uncalendered,2,Discharge,0.83,1.026502426278462,
Uncalendered,2,Discharge,0.82,1.0600970511384844,-3.359462486002226
Uncalendered,2,Discharge,0.82,1.0936916759985067,
Uncalendered,2,Discharge,0.81,1.1310190369540871,-3.7327360955580806
Uncalendered,2,Discharge,0.81,1.1720791340052257,
Uncalendered,2,Discharge,0.81,1.209406494960806,
Uncalendered,2,Discharge,0.8,1.2504665920119447,-4.106009705113852
Uncalendered,2,Discharge,0.8,1.287793952967525,
Uncalendered,2,Discharge,0.79,1.3288540500186634,-4.10600970511383
Uncalendered,2,Discharge,0.79,1.369914147069802,
Uncalendered,2,Discharge,0.78,1.4147069802164987,-4.479283314669665
Uncalendered,2,Discharge,0.78,1.459499813363195,
Uncalendered,2,Discharge,0.78,1.5042926465098916,
Uncalendered,2,Discharge,0.77,1.5528182157521462,-4.852556924225455
Uncalendered,2,Discharge,0.77,1.5976110488988424,
Uncalendered,2,Discharge,0.76,1.6424038820455393,-4.479283314669687
Uncalendered,2,Discharge,0.76,1.6946621873833518,
Uncalendered,2,Discharge,0.75,1.7431877566256064,-4.852556924225455
Uncalendered,2,Discharge,0.75,1.795446061963419,
Uncalendered,2,Discharge,0.74,1.8439716312056738,-4.852556924225477
Uncalendered,2,Discharge,0.74,1.8962299365434863,
Uncalendered,2,Discharge,0.74,1.9484882418812988,
Uncalendered,2,Discharge,0.73,2.0044792833146694,-5.599104143337058
Uncalendered,2,Discharge,0.73,2.064203060843598,
Uncalendered,2,Discharge,0.72,2.120194102276969,-5.599104143337058
Uncalendered,2,Discharge,0.72,2.1761851437103394,
Uncalendered,2,Discharge,0.71,2.235908921239268,-5.972377752892871
Uncalendered,2,Discharge,0.71,2.299365434863755,
Uncalendered,2,Discharge,0.71,2.3628219484882416,
Uncalendered,2,Discharge,0.7,2.4262784621127285,-6.3456513624486846
Uncalendered,2,Discharge,0.7,2.4934677118327735,
Uncalendered,2,Discharge,0.69,2.560656961552818,-6.718924972004452
Uncalendered,2,Discharge,0.69,2.631578947368421,
Uncalendered,2,Discharge,0.68,2.698768197088466,-6.718924972004571
Uncalendered,2,Discharge,0.68,2.7696901829040685,
Uncalendered,2,Discharge,0.68,2.848077640910787,
Uncalendered,2,Discharge,0.67,2.922732362821948,-7.465472191116079
Uncalendered,2,Discharge,0.67,2.9973870847331088,
Uncalendered,2,Discharge,0.66,3.079507278835386,-8.212019410227704
Uncalendered,2,Discharge,0.66,3.1578947368421053,
Uncalendered,2,Discharge,0.65,3.240014930944382,-8.21201941022766
Uncalendered,2,Discharge,0.65,3.322135125046659,
Uncalendered,2,Discharge,0.65,3.404255319148936,
Uncalendered,2,Discharge,0.64,3.4901082493467706,-8.585293019783428
Uncalendered,2,Discharge,0.64,3.575961179544606,
Uncalendered,2,Discharge,0.63,3.6655468458379983,-8.958566629339241
Uncalendered,2,Discharge,0.63,3.770063456513624,
Uncalendered,2,Discharge,0.62,3.8447181784247846,-7.465472191116034
Uncalendered,2,Discharge,0.62,3.9567002612915263,
Uncalendered,2,Discharge,0.62,4.031354983202688,
Uncalendered,2,Discharge,0.61,4.143337066069428,-11.198208286674028
Uncalendered,2,Discharge,0.61,4.21799178798059,
Uncalendered,2,Discharge,0.6,4.329973870847331,-11.198208286674117
Uncalendered,2,Discharge,0.6,4.441955953714072,
Uncalendered,2,Discharge,0.59,4.516610675625233,-7.465472191116079
Uncalendered,2,Discharge,0.59,4.628592758491974,
Uncalendered,2,Discharge,0.59,4.740574841358716,
Uncalendered,2,Discharge,0.58,4.852556924225457,-11.198208286674117
Uncalendered,2,Discharge,0.58,4.964539007092197,
Uncalendered,2,Discharge,0.57,5.0765210899589395,-11.198208286674205
Uncalendered,2,Discharge,0.57,5.188503172825681,
Uncalendered,2,Discharge,0.56,5.300485255692422,-11.198208286674241
Uncalendered,2,Discharge,0.56,5.412467338559163,
Uncalendered,2,Discharge,0.56,5.524449421425905,
Uncalendered,2,Discharge,0.55,5.673758865248226,-14.930944382232157
Uncalendered,2,Discharge,0.55,5.7857409481149675,
Uncalendered,2,Discharge,0.54,5.89772303098171,-11.198208286674205
Uncalendered,2,Discharge,0.54,6.0470324748040305,
Uncalendered,2,Discharge,0.53,6.159014557670772,-11.198208286674117
Uncalendered,2,Discharge,0.53,6.308324001493094,
Uncalendered,2,Discharge,0.53,6.4203060843598365,
Uncalendered,2,Discharge,0.52,6.569615528182157,-14.930944382232068
Uncalendered,2,Discharge,0.52,6.718924972004479,
Uncalendered,2,Discharge,0.51,6.83090705487122,-11.198208286674117
Uncalendered,2,Discharge,0.51,6.980216498693541,
Uncalendered,2,Discharge,0.5,7.129525942515864,-14.930944382232246
Uncalendered,2,Discharge,0.5,7.278835386338185,
Uncalendered,2,Discharge,0.5,7.428144830160506,
Uncalendered,2,Discharge,0.49,7.577454273982828,-14.930944382232157
Uncalendered,2,Discharge,0.49,7.7267637178051505,
Uncalendered,2,Discharge,0.48,7.876073161627473,-14.930944382232246
Uncalendered,2,Discharge,0.48,8.062709966405375,
Uncalendered,2,Discharge,0.47,8.212019410227697,-14.930944382232157
Uncalendered,2,Discharge,0.47,8.398656215005598,
Uncalendered,2,Discharge,0.47,8.547965658827922,
Uncalendered,2,Discharge,0.46,8.697275102650242,-14.930944382232061
Uncalendered,2,Discharge,0.46,8.883911907428145,
Uncalendered,2,Discharge,0.45,9.070548712206046,-18.663680477790106
Uncalendered,2,Discharge,0.45,9.257185516983949,
Uncalendered,2,Discharge,0.44,9.44382232176185,-18.663680477790106
Uncalendered,2,Discharge,0.44,9.630459126539753,
Uncalendered,2,Discharge,0.44,9.817095931317654,
Uncalendered,2,Discharge,0.43,10.003732736095557,-18.663680477790283
Uncalendered,2,Discharge,0.43,10.19036954087346,
Uncalendered,2,Discharge,0.42,10.377006345651361,-18.663680477790106
Uncalendered,2,Discharge,0.42,10.600970511384844,
Uncalendered,2,Discharge,0.41,10.787607316162747,-18.663680477790283
Uncalendered,2,Discharge,0.41,11.01157148189623,
Uncalendered,2,Discharge,0.41,11.19820828667413,
Uncalendered,2,Discharge,0.4,11.422172452407613,-22.396416573348358
Uncalendered,2,Discharge,0.4,11.646136618141096,
Uncalendered,2,Discharge,0.39,11.870100783874578,-22.396416573348233
Uncalendered,2,Discharge,0.39,12.094064949608061,
Uncalendered,2,Discharge,0.38,12.318029115341544,-22.396416573348233
Uncalendered,2,Discharge,0.38,12.541993281075024,
Uncalendered,2,Discharge,0.38,12.765957446808509,
Uncalendered,2,Discharge,0.37,13.027248973497572,-26.12915266890636
Uncalendered,2,Discharge,0.37,13.288540500186636,
Uncalendered,2,Discharge,0.36,13.512504665920117,-22.396416573348056
Uncalendered,2,Discharge,0.36,13.773796192609183,
Uncalendered,2,Discharge,0.35,14.035087719298245,-26.129152668906183
Uncalendered,2,Discharge,0.35,14.296379245987309,
Uncalendered,2,Discharge,0.35,14.55767077267637,
Uncalendered,2,Discharge,0.34,14.856289660321012,-29.8618887644643
Uncalendered,2,Discharge,0.34,15.117581187010076,
Uncalendered,2,Discharge,0.33,15.416200074654721,-29.861888764464492
Uncalendered,2,Discharge,0.33,15.714818962299365,
Uncalendered,2,Discharge,0.32,15.976110488988425,-26.129152668906006
Uncalendered,2,Discharge,0.32,16.274729376633072,
Uncalendered,2,Discharge,0.32,16.573348264277712,
Uncalendered,2,Discharge,0.31,16.87196715192236,-29.86188876446467
Uncalendered,2,Discharge,0.31,17.207913400522582,
Uncalendered,2,Discharge,0.3,17.543859649122805,-33.594624860022265
Uncalendered,2,Discharge,0.3,17.879805897723028,
Uncalendered,2,Discharge,0.29,18.17842478536767,-29.861888764464315
Uncalendered,2,Discharge,0.29,18.551698394923477,
Uncalendered,2,Discharge,0.29,18.8876446435237,
Uncalendered,2,Discharge,0.28,19.223590892123926,-33.594624860022805
Uncalendered,2,Discharge,0.28,19.59686450167973,
Uncalendered,2,Discharge,0.27,19.932810750279952,-33.594624860022265
Uncalendered,2,Discharge,0.27,20.306084359835758,
Uncalendered,2,Discharge,0.26,20.716685330347143,-41.06009705113852
Uncalendered,2,Discharge,0.26,21.12728630085853,
Uncalendered,2,Discharge,0.26,21.463232549458752,
Uncalendered,2,Discharge,0.25,21.911160880925713,-44.79283314669611
Uncalendered,2,Discharge,0.25,22.284434490481523,
Uncalendered,2,Discharge,0.24,22.732362821948488,-44.792833146696466
Uncalendered,2,Discharge,0.24,23.14296379245987,
Uncalendered,2,Discharge,0.23,23.59089212392684,-44.79283314669695
Uncalendered,2,Discharge,0.23,24.038820455393797,
Uncalendered,2,Discharge,0.23,24.52407614781635,
Uncalendered,2,Discharge,0.22,25.046659201194476,-52.25830533781272
Uncalendered,2,Discharge,0.22,25.531914893617017,
Uncalendered,2,Discharge,0.21,26.054497946995145,-52.25830533781272
Uncalendered,2,Discharge,0.21,26.651735722284435,
Uncalendered,2,Discharge,0.2,27.584919746173938,-93.31840238895043
Uncalendered,2,Discharge,0.2,29.339305711086222,
Uncalendered,2,Discharge,0.2,33.967898469578195,
Uncalendered,2,Discharge,0.19,38.44718178424785,-447.9283314669654
Uncalendered,2,Discharge,0.19,41.80664427025009,
Uncalendered,2,Discharge,0.18,44.04628592758492,-223.9641657334827
Uncalendered,2,Discharge,0.18,46.28592758491974,
Uncalendered,2,Discharge,0.17,48.15229563269877,-186.636804777903
Uncalendered,2,Discharge,0.17,49.645390070921984,
Uncalendered,2,Discharge,0.17,51.511758118701,
Uncalendered,2,Discharge,0.16,53.37812616648002,-186.63680477790177
Uncalendered,2,Discharge,0.16,55.24449421425905,
Uncalendered,2,Discharge,0.15,57.11086226203807,-186.63680477790177
Uncalendered,2,Discharge,0.15,59.3505039193729,
Uncalendered,2,Discharge,0.14,61.96341918626352,-261.29152668906295
Uncalendered,2,Discharge,0.14,64.94960806270996,
Uncalendered,2,Discharge,0.14,67.93579693915639,
Uncalendered,2,Discharge,0.13,70.92198581560282,-298.6188876446431
Uncalendered,2,Discharge,0.13,73.53490108249346,
Uncalendered,2,Discharge,0.12,76.5210899589399,-298.6188876446431
Uncalendered,2,Discharge,0.12,81.00037327360955,
Uncalendered,2,Discharge,0.11,86.59947741694661,-559.9104143337061
Uncalendered,2,Discharge,0.11,106.38297872340425,
Uncalendered,2,Discharge,0.11,129.5259425158641,
Uncalendered,2,Discharge,0.1,145.2034341172079,-1567.749160134381
Uncalendered,2,Discharge,0.1,155.65509518477043,
Uncalendered,2,Discharge,0.1,161.6274729376633,
Uncalendered,2,Discharge,0.09,166.48002986188874,-485.25569242254346
Uncalendered,2,Discharge,0.09,170.2127659574468,
Uncalendered,2,Discharge,0.08,173.57222844344903,-335.9462486002231
Uncalendered,2,Discharge,0.08,176.93169092945126,
Uncalendered,2,Discharge,0.07,182.15752146323254,-522.5830533781279
Uncalendered,2,Discharge,0.07,200.82120194102274,
Uncalendered,2,Discharge,0.07,218.36506159014556,
Uncalendered,2,Discharge,0.07,243.74766703994024,
Uncalendered,2,Discharge,0.06,260.17170586039566,-1642.4038820455407
Uncalendered,2,Discharge,0.06,271.74318775662556,
Uncalendered,2,Discharge,0.05,281.4483016050765,-970.511384845094
Uncalendered,2,Discharge,0.05,291.5266890630832,
Uncalendered,2,Charge,0.07,0.18962299365434862,
Uncalendered,2,Charge,0.08,0.6868234415826799,49.72004479283316
Uncalendered,2,Charge,0.08,1.9895483389324373,
Uncalendered,2,Charge,0.09,3.9940276222471063,200.44792833146698
Uncalendered,2,Charge,0.09,7.4654721911160875,
Uncalendered,2,Charge,0.1,15.154908547965656,768.9436356849561
Uncalendered,2,Charge,0.1,33.63195222097797,
Uncalendered,2,Charge,0.11,49.645390070921984,1601.343784994402
Uncalendered,2,Charge,0.11,61.21687196715192,
Uncalendered,2,Charge,0.11,72.04180664427024,
Uncalendered,2,Charge,0.12,81.37364688316535,933.1840238895116
Uncalendered,2,Charge,0.12,89.58566629339305,
Uncalendered,2,Charge,0.13,97.79768570362074,821.201941022769
Uncalendered,2,Charge,0.13,107.12952594251585,
Uncalendered,2,Charge,0.14,119.8208286674132,1269.130272489733
Uncalendered,2,Charge,0.14,136.2448674878686,
Uncalendered,2,Charge,0.15,158.26801045166104,2202.3142963792493
Uncalendered,2,Charge,0.15,173.19895483389323,
Uncalendered,2,Charge,0.16,182.90406868234413,970.5113848450898
Uncalendered,2,Charge,0.16,190.36954087346024,
Uncalendered,2,Charge,0.17,195.22209779768568,485.25569242254346
Uncalendered,2,Charge,0.17,200.07465472191114,
Uncalendered,2,Charge,0.17,205.3004852556924,
Uncalendered,2,Charge,0.18,210.15304217991786,485.25569242254767
Uncalendered,2,Charge,0.18,213.5125046659201,
Uncalendered,2,Charge,0.19,216.87196715192235,335.9462486002255
Uncalendered,2,Charge,0.19,219.48488241881296,
Uncalendered,2,Charge,0.2,222.84434490481522,335.9462486002255
Uncalendered,2,Charge,0.2,226.20380739081745,
Uncalendered,2,Charge,0.21,228.44344904815227,223.96416573348333
Uncalendered,2,Charge,0.21,230.6830907054871,
Uncalendered,2,Charge,0.22,232.1761851437103,149.30944382232084
Uncalendered,2,Charge,0.22,235.53564762971254,
Uncalendered,2,Charge,0.23,242.25457260171703,671.8924972004481
Uncalendered,2,Charge,0.23,245.98730869727507,
Uncalendered,2,Charge,0.24,247.8536767450541,186.63680477790228
Uncalendered,2,Charge,0.24,248.97349757372152,
Uncalendered,2,Charge,0.25,249.72004479283314,74.65472191116184
Uncalendered,2,Charge,0.25,250.46659201194473,
Uncalendered,2,Charge,0.26,250.83986562150054,37.32736095558092
Uncalendered,2,Charge,0.26,251.21313923105635,
Uncalendered,2,Charge,0.27,251.58641284061216,37.32736095558092
Uncalendered,2,Charge,0.27,252.33296005972375,
Uncalendered,2,Charge,0.28,252.70623366927956,37.32736095558092
Uncalendered,2,Charge,0.28,253.07950727883537,
Uncalendered,2,Charge,0.29,253.45278088839117,37.32736095558113
Uncalendered,2,Charge,0.29,253.82605449794696,
Uncalendered,2,Charge,0.3,254.19932810750277,37.32736095558092
Uncalendered,2,Charge,0.3,254.57260171705857,
Uncalendered,2,Charge,0.31,254.57260171705857,0.0
Uncalendered,2,Charge,0.31,254.94587532661438,
Uncalendered,2,Charge,0.32,255.3191489361702,37.32736095558092
Uncalendered,2,Charge,0.32,255.692422545726,
Uncalendered,2,Charge,0.33,256.0656961552818,37.32736095557808
Uncalendered,2,Charge,0.33,256.4389697648376,
Uncalendered,2,Charge,0.34,256.4389697648376,0.0
Uncalendered,2,Charge,0.34,256.8122433743934,
Uncalendered,2,Charge,0.35,257.1855169839492,37.327360955578285
Uncalendered,2,Charge,0.35,257.558790593505,
Uncalendered,2,Charge,0.36,257.558790593505,0.0
Uncalendered,2,Charge,0.36,257.9320642030608,
Uncalendered,2,Charge,0.37,258.30533781261664,37.327360955583764
Uncalendered,2,Charge,0.37,258.6786114221724,
Uncalendered,2,Charge,0.38,258.6786114221724,0.0
Uncalendered,2,Charge,0.38,259.0518850317282,
Uncalendered,2,Charge,0.39,259.42515864128404,37.327360955583764
Uncalendered,2,Charge,0.39,259.42515864128404,
Uncalendered,2,Charge,0.4,259.7984322508398,37.32736095557808
Uncalendered,2,Charge,0.4,260.17170586039566,
Uncalendered,2,Charge,0.41,260.17170586039566,0.0
Uncalendered,2,Charge,0.41,260.54497946995144,
Uncalendered,2,Charge,0.42,260.54497946995144,0.0
Uncalendered,2,Charge,0.42,260.9182530795073,
Uncalendered,2,Charge,0.43,260.9182530795073,0.0
Uncalendered,2,Charge,0.43,261.29152668906306,
Uncalendered,2,Charge,0.44,261.66480029861884,37.32736095557808
Uncalendered,2,Charge,0.44,261.66480029861884,
Uncalendered,2,Charge,0.45,262.0380739081747,37.327360955583764
Uncalendered,2,Charge,0.45,262.0380739081747,
Uncalendered,2,Charge,0.46,262.41134751773046,37.32736095557808
Uncalendered,2,Charge,0.46,262.41134751773046,
Uncalendered,2,Charge,0.47,262.7846211272863,37.32736095558397
Uncalendered,2,Charge,0.47,262.7846211272863,
Uncalendered,2,Charge,0.48,263.1578947368421,37.32736095557808
Uncalendered,2,Charge,0.48,263.1578947368421,
Uncalendered,2,Charge,0.49,263.53116834639786,37.32736095557808
Uncalendered,2,Charge,0.49,263.53116834639786,
Uncalendered,2,Charge,0.5,263.9044419559537,37.327360955583764
Uncalendered,2,Charge,0.5,263.9044419559537,
Uncalendered,2,Charge,0.51,264.2777155655095,37.32736095557808
Uncalendered,2,Charge,0.51,264.2777155655095,
Uncalendered,2,Charge,0.52,264.6509891750653,37.327360955583764
Uncalendered,2,Charge,0.52,264.6509891750653,
Uncalendered,2,Charge,0.53,264.6509891750653,0.0
Uncalendered,2,Charge,0.53,265.0242627846211,
Uncalendered,2,Charge,0.54,265.0242627846211,0.0
Uncalendered,2,Charge,0.54,265.3975363941769,
Uncalendered,2,Charge,0.55,265.3975363941769,0.0
Uncalendered,2,Charge,0.55,265.3975363941769,
Uncalendered,2,Charge,0.56,265.7708100037327,37.327360955583764
Uncalendered,2,Charge,0.56,265.7708100037327,
Uncalendered,2,Charge,0.57,266.1440836132885,37.3273609555785
Uncalendered,2,Charge,0.57,266.1440836132885,
Uncalendered,2,Charge,0.58,266.1440836132885,0.0
Uncalendered,2,Charge,0.58,266.51735722284434,
Uncalendered,2,Charge,0.59,266.51735722284434,0.0
Uncalendered,2,Charge,0.59,266.51735722284434,
Uncalendered,2,Charge,0.6,266.8906308324001,37.32736095557808
Uncalendered,2,Charge,0.6,266.8906308324001,
Uncalendered,2,Charge,0.61,266.8906308324001,0.0
Uncalendered,2,Charge,0.61,267.2639044419559,
Uncalendered,2,Charge,0.62,267.2639044419559,0.0
Uncalendered,2,Charge,0.62,267.2639044419559,
Uncalendered,2,Charge,0.63,267.63717805151174,37.327360955583764
Uncalendered,2,Charge,0.63,267.63717805151174,
Uncalendered,2,Charge,0.64,267.63717805151174,0.0
Uncalendered,2,Charge,0.64,267.63717805151174,
Uncalendered,2,Charge,0.65,268.0104516610675,37.32736095557808
Uncalendered,2,Charge,0.65,268.0104516610675,
Uncalendered,2,Charge,0.66,268.0104516610675,0.0
Uncalendered,2,Charge,0.66,268.38372527062336,
Uncalendered,2,Charge,0.67,268.38372527062336,0.0
Uncalendered,2,Charge,0.67,268.38372527062336,
Uncalendered,2,Charge,0.68,268.38372527062336,0.0
Uncalendered,2,Charge,0.68,268.75699888017914,
Uncalendered,2,Charge,0.69,268.75699888017914,0.0
Uncalendered,2,Charge,0.69,268.75699888017914,
Uncalendered,2,Charge,0.7,268.75699888017914,0.0
Uncalendered,2,Charge,0.7,269.1302724897349,
Uncalendered,2,Charge,0.71,269.1302724897349,0.0
Uncalendered,2,Charge,0.71,269.1302724897349,
Uncalendered,2,Charge,0.72,269.1302724897349,0.0
Uncalendered,2,Charge,0.72,269.50354609929076,
Uncalendered,2,Charge,0.73,269.50354609929076,0.0
Uncalendered,2,Charge,0.73,269.50354609929076,
Uncalendered,2,Charge,0.74,269.50354609929076,0.0
Uncalendered,2,Charge,0.74,269.50354609929076,
Uncalendered,2,Charge,0.75,269.87681970884654,37.32736095557808
Uncalendered,2,Charge,0.75,269.87681970884654,
Uncalendered,2,Charge,0.76,269.87681970884654,0.0
Uncalendered,2,Charge,0.76,269.87681970884654,
Uncalendered,2,Charge,0.77,269.87681970884654,0.0
Uncalendered,2,Charge,0.77,270.2500933184024,
Uncalendered,2,Charge,0.78,270.2500933184024,0.0
Uncalendered,2,Charge,0.78,270.2500933184024,
Uncalendered,2,Charge,0.79,270.2500933184024,0.0
Uncalendered,2,Charge,0.79,270.2500933184024,
Uncalendered,2,Charge,0.8,270.2500933184024,0.0
Uncalendered,2,Charge,0.8,270.62336692795816,
Uncalendered,2,Charge,0.81,270.62336692795816,0.0
Uncalendered,2,Charge,0.81,270.62336692795816,
Uncalendered,2,Charge,0.82,270.62336692795816,0.0
Uncalendered,2,Charge,0.82,270.62336692795816,
Uncalendered,2,Charge,0.83,270.996640537514,37.327360955583764
Uncalendered,2,Charge,0.83,270.996640537514,
Uncalendered,2,Charge,0.84,270.996640537514,0.0
Uncalendered,2,Charge,0.84,270.996640537514,
Uncalendered,2,Charge,0.85,270.996640537514,0.0
Uncalendered,2,Charge,0.85,270.996640537514,
Uncalendered,2,Charge,0.86,270.996640537514,0.0
Uncalendered,2,Charge,0.86,271.3699141470698,
Uncalendered,2,Charge,0.87,271.3699141470698,0.0
Uncalendered,2,Charge,0.87,271.3699141470698,
Uncalendered,2,Charge,0.88,271.3699141470698,0.0
Uncalendered,2,Charge,0.88,271.3699141470698,
Uncalendered,2,Charge,0.89,271.3699141470698,0.0
Uncalendered,2,Charge,0.89,271.74318775662556,
Uncalendered,2,Charge,0.9,271.74318775662556,0.0
Uncalendered,2,Charge,0.9,271.74318775662556,
Uncalendered,2,Charge,0.91,271.74318775662556,0.0
Uncalendered,2,Charge,0.91,271.74318775662556,
Uncalendered,2,Charge,0.92,271.74318775662556,0.0
Uncalendered,2,Charge,0.92,271.74318775662556,
Uncalendered,2,Charge,0.93,272.1164613661814,37.327360955583764
Uncalendered,2,Charge,0.93,272.1164613661814,
Uncalendered,2,Charge,0.94,272.1164613661814,0.0
Uncalendered,2,Charge,0.94,272.1164613661814,
Uncalendered,2,Charge,0.95,272.1164613661814,0.0
Uncalendered,2,Charge,0.95,272.1164613661814,
Uncalendered,2,Charge,0.96,272.1164613661814,0.0
Uncalendered,2,Charge,0.96,272.4897349757372,
Uncalendered,2,Charge,0.97,272.4897349757372,0.0
Uncalendered,2,Charge,0.97,272.4897349757372,
Uncalendered,2,Charge,0.98,272.4897349757372,0.0
Uncalendered,2,Charge,0.98,272.4897349757372,
Uncalendered,2,Charge,0.99,272.4897349757372,0.0
Uncalendered,2,Charge,0.99,272.4897349757372,
Uncalendered,2,Charge,1.0,272.863008585293,37.327360955583764
Uncalendered,2,Charge,1.0,272.863008585293,
Uncalendered,2,Charge,1.01,272.863008585293,0.0
Uncalendered,2,Charge,1.01,272.863008585293,
Uncalendered,2,Charge,1.02,272.863008585293,0.0
Uncalendered,2,Charge,1.02,272.863008585293,
Uncalendered,2,Charge,1.03,272.863008585293,0.0
Uncalendered,2,Charge,1.03,273.2362821948488,
Uncalendered,2,Charge,1.04,273.2362821948488,0.0
Uncalendered,2,Charge,1.04,273.2362821948488,
Uncalendered,2,Charge,1.05,273.2362821948488,0.0
Uncalendered,2,Charge,1.05,273.2362821948488,
Uncalendered,2,Charge,1.06,273.2362821948488,0.0
Uncalendered,2,Charge,1.06,273.6095558044046,
Uncalendered,2,Charge,1.07,273.6095558044046,0.0
Uncalendered,2,Charge,1.07,273.6095558044046,
Uncalendered,2,Charge,1.08,273.6095558044046,0.0
Uncalendered,2,Charge,1.08,273.6095558044046,
Uncalendered,2,Charge,1.09,273.6095558044046,0.0
Uncalendered,2,Charge,1.09,273.9828294139604,
Uncalendered,2,Charge,1.1,273.9828294139604,0.0
Uncalendered,2,Charge,1.1,273.9828294139604,
Uncalendered,2,Charge,1.11,273.9828294139604,0.0
Uncalendered,2,Charge,1.11,273.9828294139604,
Uncalendered,2,Charge,1.12,274.3561030235162,37.32736095557808
Uncalendered,2,Charge,1.12,274.3561030235162,
Uncalendered,2,Charge,1.13,274.3561030235162,0.0
Uncalendered,2,Charge,1.13,274.3561030235162,
Uncalendered,2,Charge,1.14,274.3561030235162,0.0
Uncalendered,2,Charge,1.14,274.3561030235162,
Uncalendered,2,Charge,1.15,274.72937663307204,37.327360955583764
Uncalendered,2,Charge,1.15,274.72937663307204,
Uncalendered,2,Charge,1.16,274.72937663307204,0.0
Uncalendered,2,Charge,1.16,274.72937663307204,
Uncalendered,2,Charge,1.17,275.1026502426278,37.32736095557808
Uncalendered,2,Charge,1.17,275.1026502426278,
Uncalendered,2,Charge,1.18,275.1026502426278,0.0
Uncalendered,2,Charge,1.18,275.1026502426278,
Uncalendered,2,Charge,1.19,275.1026502426278,0.0
Uncalendered,2,Charge,1.19,275.4759238521836,
Uncalendered,2,Charge,1.2,275.4759238521836,0.0
Uncalendered,2,Charge,1.2,275.4759238521836,
Uncalendered,2,Charge,1.21,275.4759238521836,0.0
Uncalendered,2,Charge,1.21,275.84919746173944,
Uncalendered,2,Charge,1.22,275.84919746173944,0.0
Uncalendered,2,Charge,1.22,275.84919746173944,
Uncalendered,2,Charge,1.23,275.84919746173944,0.0
Uncalendered,2,Charge,1.23,275.84919746173944,
Uncalendered,2,Charge,1.24,276.2224710712952,37.32736095557808
Uncalendered,2,Charge,1.24,276.2224710712952,
Uncalendered,2,Charge,1.25,276.2224710712952,0.0
Uncalendered,2,Charge,1.25,276.2224710712952,
Uncalendered,2,Charge,1.26,276.59574468085106,37.327360955583764
Uncalendered,2,Charge,1.26,276.59574468085106,
Uncalendered,2,Charge,1.27,276.59574468085106,0.0
Uncalendered,2,Charge,1.27,276.96901829040684,
Uncalendered,2,Charge,1.28,276.96901829040684,0.0
Uncalendered,2,Charge,1.28,276.96901829040684,
Uncalendered,2,Charge,1.29,276.96901829040684,0.0
Uncalendered,2,Charge,1.29,277.3422918999626,
Uncalendered,2,Charge,1.3,277.3422918999626,0.0
Uncalendered,2,Charge,1.3,277.71556550951846,
