time,v_potential,w_recovery,I_ext
0.0,-1.5,-0.5,0.5
0.10000000149011612,-1.4406894445419312,-0.5029489994049072,0.5049996376037598
0.20000000298023224,-1.386714220046997,-0.5054284334182739,0.5099973082542419
0.30000001192092896,-1.3368136882781982,-0.5074787139892578,0.5149909853935242
0.4000000059604645,-1.2900402545928955,-0.5091309547424316,0.5199787020683289
0.5,-1.245656132698059,-0.5104095935821533,0.5249583721160889
0.6000000238418579,-1.2030651569366455,-0.511333703994751,0.5299280285835266
0.699999988079071,-1.161781907081604,-0.511917769908905,0.5348857641220093
0.800000011920929,-1.1213934421539307,-0.5121726989746094,0.5398295521736145
0.9000000357627869,-1.0815355777740479,-0.5121063590049744,0.5447573661804199
1.0,-1.0418833494186401,-0.5117235779762268,0.5496673583984375
1.100000023841858,-1.002135992050171,-0.5110267996788025,0.5545573830604553
1.2000000476837158,-0.9620047807693481,-0.5100162029266357,0.5594256520271301
1.3000000715255737,-0.9212018251419067,-0.5086895823478699,0.5642701387405396
1.399999976158142,-0.8794379830360413,-0.5070423483848572,0.5690889358520508
1.5,-0.8364124298095703,-0.5050677061080933,0.5738800764083862
1.600000023841858,-0.7918100953102112,-0.5027565956115723,0.5786416530609131
1.7000000476837158,-0.7452822923660278,-0.5000970959663391,0.5833717584609985
1.8000000715255737,-0.6964435577392578,-0.49707451462745667,0.5880685448646545
1.899999976158142,-0.644870936870575,-0.49367108941078186,0.5927301049232483
2.0,-0.5900853872299194,-0.48986563086509705,0.5973545908927917
2.1000001430511475,-0.5315518379211426,-0.48563316464424133,0.6019401550292969
2.200000047683716,-0.46865424513816833,-0.4809439480304718,0.6064848899841309
2.299999952316284,-0.4006913900375366,-0.47576311230659485,0.6109870076179504
2.4000000953674316,-0.3268766701221466,-0.4700506329536438,0.6154447793960571
2.5,-0.2463301718235016,-0.46375975012779236,0.6198563575744629
2.6000001430511475,-0.15808846056461334,-0.45683661103248596,0.6242200136184692
2.700000047683716,-0.06112733483314514,-0.4492199122905731,0.6285340189933777
2.799999952316284,0.045590221881866455,-0.4408402442932129,0.6327965259552002
2.9000000953674316,0.1629977524280548,-0.4316209554672241,0.6370059847831726
3.0,0.29179394245147705,-0.42147913575172424,0.6411606073379517
3.1000001430511475,0.43219393491744995,-0.41032838821411133,0.6452587842941284
3.200000047683716,0.5836108922958374,-0.39808475971221924,0.649298906326294
3.299999952316284,0.7443488240242004,-0.3846726715564728,0.653279185295105
3.4000000953674316,0.9112865924835205,-0.3700371980667114,0.6571982502937317
3.5,1.0798486471176147,-0.35415390133857727,0.6610544323921204
3.6000001430511475,1.2443280220031738,-0.3370400071144104,0.6648461818695068
3.700000047683716,1.3986762762069702,-0.31876012682914734,0.668571949005127
3.799999952316284,1.537562370300293,-0.2994247078895569,0.6722303628921509
3.9000000953674316,1.657314419746399,-0.27917972207069397,0.6758198738098145
4.0,1.756404161453247,-0.2581910490989685,0.6793390512466431
4.099999904632568,1.835326910018921,-0.23662754893302917,0.6827864646911621
4.200000286102295,1.8960356712341309,-0.21464651823043823,0.6861608028411865
4.300000190734863,1.9412577152252197,-0.19238533079624176,0.6894606351852417
4.400000095367432,1.9739055633544922,-0.1699577420949936,0.6926847696304321
4.5,1.9966833591461182,-0.14745385944843292,0.6958317160606384
4.599999904632568,2.011913299560547,-0.12494350969791412,0.6989004015922546
4.700000286102295,2.021467685699463,-0.10247892141342163,0.7018895149230957
4.800000190734863,2.0268120765686035,-0.08009924739599228,0.7047979235649109
4.900000095367432,2.029057264328003,-0.057832732796669006,0.7076243162155151
5.0,2.0290329456329346,-0.03569986671209335,0.710367739200592
5.099999904632568,2.0273520946502686,-0.013715360313653946,0.7130270004272461
5.200000286102295,2.024462938308716,0.00811050832271576,0.7156010866165161
5.300000190734863,2.020690441131592,0.02977033145725727,0.7180888652801514
5.400000095367432,2.0162737369537354,0.051259130239486694,0.7204894423484802
5.5,2.011381149291992,0.07257366180419922,0.7228018641471863
5.599999904632568,2.0061397552490234,0.09371168911457062,0.7250251173973083
5.700000286102295,2.0006377696990967,0.11467210203409195,0.7271583676338196
5.800000190734863,1.9949390888214111,0.13545402884483337,0.7292007803916931
5.900000095367432,1.9890929460525513,0.15605725347995758,0.7311515212059021
6.0,1.9831321239471436,0.1764819622039795,0.7330097556114197
6.099999904632568,1.9770795106887817,0.19672851264476776,0.7347748279571533
6.200000286102295,1.9709546566009521,0.21679741144180298,0.7364460229873657
6.300000190734863,1.9647711515426636,0.23668904602527618,0.7380225658416748
6.400000095367432,1.9585357904434204,0.2564042806625366,0.7395039796829224
6.5,1.9522548913955688,0.2759438753128052,0.7408895492553711
6.599999904632568,1.9459340572357178,0.29530856013298035,0.7421787977218628
6.700000286102295,1.9395776987075806,0.3144991993904114,0.7433711290359497
6.800000190734863,1.9331855773925781,0.3335164785385132,0.7444661855697632
6.900000095367432,1.926758050918579,0.35236138105392456,0.7454633712768555
7.0,1.9202966690063477,0.3710346817970276,0.7463624477386475
7.099999904632568,1.9138039350509644,0.38953718543052673,0.747162938117981
7.200000286102295,1.9072787761688232,0.40786975622177124,0.7478646039962769
7.300000190734863,1.9007188081741333,0.4260331392288208,0.7484670877456665
7.400000095367432,1.8941230773925781,0.4440282881259918,0.7489702105522156
7.5,1.887492299079895,0.4618558883666992,0.749373733997345
7.599999904632568,1.8808280229568481,0.4795166850090027,0.7496775388717651
7.700000286102295,1.8741281032562256,0.49701154232025146,0.7498814463615417
7.800000190734863,1.867389440536499,0.5143412351608276,0.7499854564666748
7.900000095367432,1.8606104850769043,0.5315064787864685,0.74998939037323
8.0,1.8537918329238892,0.5485079884529114,0.7498934268951416
8.100000381469727,1.8469345569610596,0.5653465390205383,0.7496974468231201
8.199999809265137,1.840036392211914,0.5820226669311523,0.7494015693664551
8.300000190734863,1.8330944776535034,0.5985373258590698,0.7490059733390808
8.40000057220459,1.8261070251464844,0.6148912310600281,0.7485107779502869
8.5,1.8190735578536987,0.6310847401618958,0.7479162216186523
8.600000381469727,1.8119947910308838,0.6471187472343445,0.7472224235534668
8.699999809265137,1.804869294166565,0.6629936695098877,0.7464298009872437
8.800000190734863,1.7976938486099243,0.678710401058197,0.745538592338562
8.90000057220459,1.790466547012329,0.6942695379257202,0.7445491552352905
9.0,1.783186435699463,0.7096714973449707,0.7434619069099426
9.100000381469727,1.7758532762527466,0.7249169945716858,0.7422772645950317
9.199999809265137,1.768466830253601,0.7400063872337341,0.7409957647323608
9.300000190734863,1.7610238790512085,0.7549404501914978,0.7396178245544434
9.40000057220459,1.7535218000411987,0.7697197198867798,0.738144040107727
9.5,1.745958924293518,0.7843445539474487,0.7365750074386597
9.600000381469727,1.7383345365524292,0.7988156676292419,0.7349113821983337
9.699999809265137,1.7306486368179321,0.8131332397460938,0.733153760433197
9.800000190734863,1.7228989601135254,0.8272980451583862,0.7313028573989868
9.90000057220459,1.7150824069976807,0.8413103818893433,0.72935950756073
10.0,1.707196831703186,0.8551706671714783,0.727324366569519
10.100000381469727,1.6992403268814087,0.8688795566558838,0.7251982688903809
10.199999809265137,1.6912119388580322,0.8824371099472046,0.7229821681976318
10.300000190734863,1.6831107139587402,0.8958438038825989,0.720676839351654
10.40000057220459,1.6749334335327148,0.9091001152992249,0.7182832360267639
10.5,1.6666773557662964,0.9222062826156616,0.7158023118972778
10.600000381469727,1.6583397388458252,0.9351627826690674,0.7132351398468018
10.699999809265137,1.649918794631958,0.9479697942733765,0.7105826139450073
10.800000190734863,1.6414128541946411,0.9606277346611023,0.7078458666801453
10.90000057220459,1.6328201293945312,0.9731365442276001,0.7050259709358215
11.0,1.624137282371521,0.9854965806007385,0.7021241188049316
11.100000381469727,1.615360975265503,0.9977083206176758,0.6991413831710815
11.199999809265137,1.6064882278442383,1.009771704673767,0.6960790157318115
11.300000190734863,1.597516417503357,1.0216871500015259,0.6929381489753723
11.40000057220459,1.5884426832199097,1.0334546566009521,0.6897201538085938
11.5,1.5792646408081055,1.0450741052627563,0.6864262819290161
11.600000381469727,1.5699784755706787,1.0565458536148071,0.6830578446388245
11.699999809265137,1.5605803728103638,1.0678699016571045,0.6796162128448486
11.800000190734863,1.5510661602020264,1.079046368598938,0.6761026978492737
11.90000057220459,1.5414321422576904,1.0900752544403076,0.6725187301635742
12.0,1.5316747426986694,1.1009563207626343,0.6688657999038696
12.100000381469727,1.5217900276184082,1.111689805984497,0.6651452779769897
12.199999809265137,1.5117735862731934,1.1222752332687378,0.6613587141036987
12.300000190734863,1.5016202926635742,1.1327128410339355,0.6575076580047607
12.40000057220459,1.4913251399993896,1.1430023908615112,0.6535935401916504
12.5,1.4808831214904785,1.1531435251235962,0.6496180295944214
12.600000381469727,1.4702883958816528,1.1631362438201904,0.6455826163291931
12.699999809265137,1.4595352411270142,1.1729799509048462,0.6414890885353088
12.800000190734863,1.4486173391342163,1.1826746463775635,0.6373388171195984
12.90000057220459,1.4375278949737549,1.192219614982605,0.6331337094306946
13.0,1.426260232925415,1.2016143798828125,0.6288753151893616
13.100000381469727,1.4148069620132446,1.2108588218688965,0.6245653629302979
13.199999809265137,1.403160572052002,1.21995210647583,0.6202056407928467
13.300000190734863,1.3913122415542603,1.228893756866455,0.6157978177070618
13.40000057220459,1.3792529106140137,1.2376830577850342,0.6113436222076416
13.5,1.3669726848602295,1.2463191747665405,0.606844961643219
13.600000381469727,1.3544604778289795,1.2548015117645264,0.6023035049438477
13.699999809265137,1.3417049646377563,1.2631288766860962,0.5977212190628052
13.800000190734863,1.328694462776184,1.2713004350662231,0.5930997729301453
13.90000057220459,1.315416693687439,1.2793149948120117,0.588441014289856
14.0,1.3018580675125122,1.287171483039856,0.5837470293045044
14.100000381469727,1.2880032062530518,1.2948685884475708,0.5790194272994995
14.199999809265137,1.2738356590270996,1.302404761314392,0.5742603540420532
14.300000190734863,1.259337067604065,1.3097785711288452,0.5694714784622192
14.40000057220459,1.244488000869751,1.3169883489608765,0.5646548271179199
14.5,1.2292667627334595,1.324032187461853,0.5598123073577881
14.600000381469727,1.213651180267334,1.3309082984924316,0.5549458861351013
14.699999809265137,1.1976176500320435,1.3376142978668213,0.5500574707984924
14.800000190734863,1.181138515472412,1.3441479206085205,0.5451490879058838
14.90000057220459,1.1641836166381836,1.3505066633224487,0.5402225255966187
15.0,1.146719217300415,1.3566874265670776,0.5352799892425537
15.100000381469727,1.1287082433700562,1.362687349319458,0.5303232669830322
15.199999809265137,1.1101107597351074,1.3685030937194824,0.5253545045852661
15.300000190734863,1.0908807516098022,1.3741308450698853,0.5203754901885986
15.40000057220459,1.0709693431854248,1.3795667886734009,0.5153883695602417
15.5,1.050324559211731,1.3848063945770264,0.5103951096534729
15.600000381469727,1.0288848876953125,1.3898448944091797,0.5053977370262146
15.699999809265137,1.0065804719924927,1.394676923751831,0.5003981590270996
15.800000190734863,0.9833315014839172,1.399296522140503,0.4953984022140503
15.90000057220459,0.9590499401092529,1.403696894645691,0.490400493144989
16.0,0.9336383938789368,1.407871127128601,0.48540645837783813
16.100000381469727,0.9069818258285522,1.4118112325668335,0.48041823506355286
16.200000762939453,0.8789490461349487,1.4155079126358032,0.47543779015541077
16.30000114440918,0.8494131565093994,1.4189519882202148,0.4704672396183014
16.399999618530273,0.8182164430618286,1.4221324920654297,0.4655085504055023
16.5,0.785166323184967,1.4250370264053345,0.460563600063324
16.600000381469727,0.7500384449958801,1.4276511669158936,0.45563435554504395
16.700000762939453,0.7125750184059143,1.429958701133728,0.45072293281555176
16.80000114440918,0.6724847555160522,1.4319419860839844,0.44583114981651306
16.899999618530273,0.6294443607330322,1.4335812330245972,0.44096121191978455
17.0,0.5830779671669006,1.4348543882369995,0.43611469864845276
17.100000381469727,0.5329358577728271,1.4357351064682007,0.4312938153743744
17.200000762939453,0.4785020351409912,1.436193585395813,0.4265003502368927
17.30000114440918,0.4191811680793762,1.4361958503723145,0.42173635959625244
17.399999618530273,0.3542935848236084,1.4357032775878906,0.41700369119644165
17.5,0.28306087851524353,1.4346717596054077,0.41230419278144836
17.600000381469727,0.2046148180961609,1.433050513267517,0.4076397120952606
17.700000762939453,0.11800068616867065,1.4307820796966553,0.403012216091156
17.80000114440918,0.02220912277698517,1.427801489830017,0.39842352271080017
17.899999618530273,-0.08375632017850876,1.4240361452102661,0.3938755393028259
18.0,-0.20079945027828217,1.4194060564041138,0.3893698453903198
18.100000381469727,-0.3295207917690277,1.4138258695602417,0.3849084973335266
18.200000762939453,-0.4700124263763428,1.4072076082229614,0.3804931640625
18.30000114440918,-0.6215212345123291,1.3994661569595337,0.3761255741119385
18.399999618530273,-0.782109260559082,1.3905283212661743,0.37180766463279724
18.5,-0.9484172463417053,1.3803409337997437,0.36754095554351807
18.600000381469727,-1.1156705617904663,1.3688852787017822,0.3633272349834442
18.700000762939453,-1.278053879737854,1.3561841249465942,0.3591681122779846
18.80000114440918,-1.4295955896377563,1.3423086404800415,0.35506540536880493
18.899999618530273,-1.5651895999908447,1.3273742198944092,0.3510206937789917
19.0,-1.6815158128738403,1.3115289211273193,0.3470355272293091
19.100000381469727,-1.7773888111114502,1.2949386835098267,0.343111515045166
19.200000762939453,-1.8535516262054443,1.2777693271636963,0.33925026655197144
19.30000114440918,-1.9121099710464478,1.260174036026001,0.3354533314704895
19.399999618530273,-1.9558213949203491,1.2422857284545898,0.33172228932380676
19.5,-1.9875537157058716,1.2242122888565063,0.3280584216117859
19.600000381469727,-2.009939193725586,1.2060399055480957,0.324463427066803
19.700000762939453,-2.025202512741089,1.1878347396850586,0.3209385573863983
19.80000114440918,-2.0351343154907227,1.1696463823318481,0.31748536229133606
19.899999618530273,-2.041126251220703,1.1515116691589355,0.31410521268844604
20.0,-2.0442264080047607,1.1334567070007324,0.31079936027526855
20.100000381469727,-2.045222282409668,1.115501046180725,0.3075692057609558
20.200000762939453,-2.044685125350952,1.097658395767212,0.3044159412384033
20.30000114440918,-2.043039560317993,1.0799386501312256,0.3013409972190857
20.399999618530273,-2.040588140487671,1.06234872341156,0.29834556579589844
20.5,-2.037552833557129,1.04489266872406,0.2954307198524475
20.600000381469727,-2.0340938568115234,1.0275739431381226,0.2925976514816284
20.700000762939453,-2.030322790145874,1.01039457321167,0.28984761238098145
20.80000114440918,-2.0263280868530273,0.9933558702468872,0.2871816158294678
20.899999618530273,-2.0221669673919678,0.976458728313446,0.28460079431533813
21.0,-2.0178802013397217,0.959702730178833,0.28210604190826416
21.100000381469727,-2.013503074645996,0.9430882334709167,0.2796984612941742
21.200000762939453,-2.009056806564331,0.9266149401664734,0.27737903594970703
21.30000114440918,-2.0045552253723145,0.9102823734283447,0.2751486301422119
21.399999618530273,-2.0000109672546387,0.8940903544425964,0.27300816774368286
21.5,-1.9954339265823364,0.8780378103256226,0.27095848321914673
21.600000381469727,-1.9908281564712524,0.8621242642402649,0.26900044083595276
21.700000762939453,-1.9861966371536255,0.8463490605354309,0.26713478565216064
21.80000114440918,-1.9815430641174316,0.8307114839553833,0.2653622627258301
21.899999618530273,-1.9768714904785156,0.8152111768722534,0.26368361711502075
22.0,-1.972181797027588,0.7998468279838562,0.2620994746685028
22.100000381469727,-1.967472791671753,0.7846179008483887,0.2606104910373688
22.200000762939453,-1.9627447128295898,0.7695237398147583,0.2592172622680664
22.30000114440918,-1.9579992294311523,0.7545636892318726,0.2579203248023987
22.399999618530273,-1.9532387256622314,0.7397372722625732,0.25672024488449097
22.5,-1.948460578918457,0.7250432372093201,0.2556174695491791
22.600000381469727,-1.9436627626419067,0.7104810476303101,0.25461244583129883
22.700000762939453,-1.938844919204712,0.6960501074790955,0.25370553135871887
22.80000114440918,-1.9340078830718994,0.681749701499939,0.252897173166275
22.899999618530273,-1.9291534423828125,0.6675795316696167,0.25218766927719116
23.0,-1.9242792129516602,0.6535382866859436,0.2515772581100464
23.100000381469727,-1.9193826913833618,0.6396254897117615,0.2510662078857422
23.200000762939453,-1.914462924003601,0.6258406043052673,0.2506547272205353
23.30000114440918,-1.9095206260681152,0.6121829152107239,0.25034299492836
23.399999618530273,-1.904557704925537,0.5986522436141968,0.25013113021850586
23.5,-1.899572491645813,0.585247278213501,0.2500191926956177
23.600000381469727,-1.8945623636245728,0.5719676613807678,0.2500072419643402
23.700000762939453,-1.8895257711410522,0.5588127970695496,0.25009530782699585
23.80000114440918,-1.884462833404541,0.5457821488380432,0.25028330087661743
23.899999618530273,-1.8793751001358032,0.5328753590583801,0.25057119131088257
24.0,-1.8742624521255493,0.5200913548469543,0.2509588599205017
24.100000381469727,-1.86912202835083,0.5074297785758972,0.2514461278915405
24.200000762939453,-1.8639519214630127,0.4948900640010834,0.2520328164100647
24.30000114440918,-1.8587517738342285,0.48247164487838745,0.2527186870574951
24.399999618530273,-1.8535224199295044,0.47017422318458557,0.2535034716129303
24.5,-1.8482649326324463,0.4579969644546509,0.254386842250824
24.600000381469727,-1.8429771661758423,0.44593945145606995,0.2553684711456299
24.700000762939453,-1.8376569747924805,0.4340011179447174,0.2564479410648346
24.80000114440918,-1.832303524017334,0.42218148708343506,0.25762486457824707
24.899999618530273,-1.8269166946411133,0.410480260848999,0.25889867544174194
25.0,-1.8214973211288452,0.39889657497406006,0.2602689266204834
25.100000381469727,-1.8160450458526611,0.38743022084236145,0.26173508167266846
25.200000762939453,-1.8105576038360596,0.37608063220977783,0.26329660415649414
25.30000114440918,-1.8050332069396973,0.3648472726345062,0.26495271921157837
25.399999618530273,-1.7994712591171265,0.3537299633026123,0.2667028307914734
25.5,-1.7938722372055054,0.3427278399467468,0.26854631304740906
25.600000381469727,-1.788237452507019,0.3318408131599426,0.2704824209213257
25.700000762939453,-1.7825648784637451,0.32106834650039673,0.272510290145874
25.80000114440918,-1.7768526077270508,0.3104099631309509,0.2746291160583496
25.899999618530273,-1.77109956741333,0.2998654544353485,0.2768380641937256
26.0,-1.7653051614761353,0.289434015750885,0.2791363596916199
26.100000381469727,-1.759469747543335,0.2791155278682709,0.2815229594707489
26.200000762939453,-1.7535936832427979,0.26890960335731506,0.28399693965911865
26.30000114440918,-1.7476751804351807,0.25881585478782654,0.28655731678009033
26.399999618530273,-1.7417124509811401,0.248834028840065,0.28920310735702515
26.5,-1.7357044219970703,0.23896338045597076,0.29193317890167236
26.600000381469727,-1.729650855064392,0.22920377552509308,0.294746458530426
26.700000762939453,-1.723551869392395,0.21955491602420807,0.2976418733596802
26.80000114440918,-1.7174078226089478,0.21001648902893066,0.30061817169189453
26.899999618530273,-1.7112165689468384,0.20058828592300415,0.30367428064346313
27.0,-1.704976201057434,0.19126959145069122,0.3068088889122009
27.100000381469727,-1.698685646057129,0.18206022679805756,0.31002077460289
27.200000762939453,-1.6923446655273438,0.17295993864536285,0.3133086562156677
27.30000114440918,-1.6859537363052368,0.16396856307983398,0.3166712820529938
27.399999618530273,-1.6795127391815186,0.15508590638637543,0.3201070725917816
27.5,-1.6730194091796875,0.14631135761737823,0.3236148953437805
27.600000381469727,-1.6664721965789795,0.13764473795890808,0.32719331979751587
27.700000762939453,-1.6598700284957886,0.12908580899238586,0.3308408856391907
27.80000114440918,-1.653212308883667,0.1206342801451683,0.33455604314804077
27.899999618530273,-1.6464989185333252,0.11229018867015839,0.3383373022079468
28.0,-1.639729380607605,0.10405299812555313,0.34218332171440125
28.100000381469727,-1.6329020261764526,0.09592258185148239,0.3460925221443176
28.200000762939453,-1.626015305519104,0.08789871633052826,0.3500632345676422
28.30000114440918,-1.6190681457519531,0.07998114824295044,0.35409390926361084
28.399999618530273,-1.612059473991394,0.07216984033584595,0.3581828474998474
28.5,-1.6049884557724,0.06446434557437897,0.3623286783695221
28.600000381469727,-1.597854495048523,0.05686470493674278,0.3665294945240021
28.700000762939453,-1.5906568765640259,0.04937073588371277,0.3707836866378784
28.80000114440918,-1.5833934545516968,0.041982248425483704,0.3750895857810974
28.899999618530273,-1.576062798500061,0.03469919413328171,0.3794454336166382
29.0,-1.568663239479065,0.027521144598722458,0.38384950160980225
29.100000381469727,-1.561193823814392,0.02044812962412834,0.3883000314235687
29.200000762939453,-1.5536537170410156,0.013480108231306076,0.39279523491859436
29.30000114440918,-1.5460422039031982,0.0066169979982078075,0.3973333239555359
29.399999618530273,-1.5383574962615967,-0.00014116894453763962,0.40191248059272766
29.5,-1.530597448348999,-0.00679476372897625,0.40653085708618164
29.600000381469727,-1.5227603912353516,-0.013343751430511475,0.4111866354942322
29.700000762939453,-1.514844536781311,-0.01978820189833641,0.41587793827056885
29.80000114440918,-1.5068483352661133,-0.026128102093935013,0.4206029772758484
29.899999618530273,-1.4987704753875732,-0.032363373786211014,0.4253595769405365
30.0,-1.4906094074249268,-0.038494180887937546,0.43014612793922424
30.100000381469727,-1.482362985610962,-0.04452041536569595,0.43496063351631165
30.200000762939453,-1.4740289449691772,-0.05044209212064743,0.43980124592781067
30.30000114440918,-1.46560537815094,-0.056259188801050186,0.4446658492088318
30.399999618530273,-1.4570900201797485,-0.061971548944711685,0.449552446603775
30.5,-1.4484803676605225,-0.06757932901382446,0.4544593393802643
30.600000381469727,-1.4397742748260498,-0.07308229804039001,0.45938459038734436
30.700000762939453,-1.430968999862671,-0.07848033308982849,0.4643259644508362
30.80000114440918,-1.4220620393753052,-0.08377324044704437,0.4692815840244293
30.899999618530273,-1.413050651550293,-0.08896084129810333,0.47424939274787903
31.0,-1.403931736946106,-0.09404316544532776,0.4792277216911316
31.100000381469727,-1.394702434539795,-0.09901992231607437,0.48421424627304077
31.200000762939453,-1.385359525680542,-0.10389089584350586,0.48920708894729614
31.30000114440918,-1.3758996725082397,-0.10865584015846252,0.49420425295829773
31.399999618530273,-1.366319179534912,-0.11331439018249512,0.49920374155044556
31.5,-1.3566138744354248,-0.11786641925573349,0.5042034983634949
31.600000381469727,-1.346779465675354,-0.12231148779392242,0.5092016458511353
31.700000762939453,-1.3368116617202759,-0.12664923071861267,0.5141960978507996
31.80000114440918,-1.3267056941986084,-0.1308792680501938,0.5191848278045654
31.899999618530273,-1.3164571523666382,-0.13500109314918518,0.5241659283638
32.0,-1.3060609102249146,-0.13901439309120178,0.5291373133659363
32.10000228881836,-1.2955116033554077,-0.1429186463356018,0.5340971946716309
32.20000076293945,-1.2848037481307983,-0.14671307802200317,0.5390431880950928
32.29999923706055,-1.2739304304122925,-0.15039725601673126,0.5439737439155579
32.400001525878906,-1.2628841400146484,-0.1539706438779831,0.548886775970459
32.5,-1.251658320426941,-0.15743230283260345,0.5537800192832947
32.60000228881836,-1.240243911743164,-0.16078175604343414,0.5586519837379456
32.70000076293945,-1.2286332845687866,-0.1640179455280304,0.5635003447532654
32.79999923706055,-1.2168176174163818,-0.16714009642601013,0.5683232545852661
32.900001525878906,-1.2047874927520752,-0.17014740407466888,0.573119044303894
33.0,-1.1925334930419922,-0.17303858697414398,0.5778853297233582
33.10000228881836,-1.18004310131073,-0.175812765955925,0.5826206803321838
33.20000076293945,-1.1673051118850708,-0.1784685254096985,0.5873228907585144
33.29999923706055,-1.154305338859558,-0.18100468814373016,0.5919901132583618
33.400001525878906,-1.141028881072998,-0.18341997265815735,0.5966206789016724
33.5,-1.1274609565734863,-0.1857127696275711,0.6012125611305237
33.60000228881836,-1.1135830879211426,-0.18788161873817444,0.6057640314102173
33.70000076293945,-1.0993785858154297,-0.18992459774017334,0.610273003578186
33.79999923706055,-1.0848276615142822,-0.19183997809886932,0.6147378087043762
33.900001525878906,-1.0699083805084229,-0.19362573325634003,0.6191569566726685
34.0,-1.0545973777770996,-0.19527952373027802,0.6235283613204956
34.10000228881836,-1.0388662815093994,-0.19679902493953705,0.6278504729270935
34.20000076293945,-1.0226866006851196,-0.19818149507045746,0.632121205329895
34.29999923706055,-1.0060254335403442,-0.199424147605896,0.6363391876220703
34.400001525878906,-0.9888469576835632,-0.2005240023136139,0.6405028104782104
34.5,-0.9711130261421204,-0.20147766172885895,0.6446099281311035
34.60000228881836,-0.9527762532234192,-0.20228135585784912,0.6486594676971436
34.70000076293945,-0.9337942600250244,-0.2029312402009964,0.6526493430137634
34.79999923706055,-0.914114773273468,-0.20342305302619934,0.6565783023834229
34.900001525878906,-0.8936768770217896,-0.20375196635723114,0.6604446172714233
35.0,-0.872412919998169,-0.20391254127025604,0.664246678352356
35.10000228881836,-0.850243330001831,-0.2038988471031189,0.6679831743240356
35.20000076293945,-0.8270828127861023,-0.2037043422460556,0.6716523766517639
35.29999923706055,-0.8028350472450256,-0.20332196354866028,0.6752528548240662
35.400001525878906,-0.7773942947387695,-0.2027440369129181,0.6787834167480469
35.5,-0.7506401538848877,-0.20196186006069183,0.6822422742843628
35.60000228881836,-0.7224324941635132,-0.20096565783023834,0.6856284141540527
35.70000076293945,-0.6926164031028748,-0.19974471628665924,0.688940167427063
35.79999923706055,-0.661008358001709,-0.1982867419719696,0.692176342010498
35.900001525878906,-0.627398669719696,-0.1965779811143875,0.6953358054161072
36.0,-0.5915555357933044,-0.19460341334342957,0.6984170079231262
36.10000228881836,-0.5532057881355286,-0.19234570860862732,0.701418936252594
36.20000076293945,-0.5120452642440796,-0.18978582322597504,0.7043402194976807
36.29999923706055,-0.4677163362503052,-0.18690165877342224,0.7071796655654907
36.400001525878906,-0.4198077917098999,-0.18366818130016327,0.7099364399909973
36.5,-0.3678593635559082,-0.1800576001405716,0.7126091718673706
36.60000228881836,-0.3113396167755127,-0.17603781819343567,0.715196967124939
36.70000076293945,-0.2496579885482788,-0.1715729534626007,0.7176984548568726
36.79999923706055,-0.18214991688728333,-0.1666218638420105,0.7201130390167236
36.900001525878906,-0.10808780044317245,-0.16113820672035217,0.7224395871162415
37.0,-0.026705056428909302,-0.15507039427757263,0.7246770262718201
37.10000228881836,0.06278036534786224,-0.1483602672815323,0.7268247604370117
37.20000076293945,0.16109858453273773,-0.14094482362270355,0.7288815975189209
37.29999923706055,0.2688468098640442,-0.13275529444217682,0.7308470010757446
37.400001525878906,0.3863334655761719,-0.12371974438428879,0.7327200770378113
37.5,0.5134081244468689,-0.113766610622406,0.734499990940094
37.60000228881836,0.6492332816123962,-0.10282754898071289,0.7361862063407898
37.70000076293945,0.7920691967010498,-0.09084612131118774,0.7377778887748718
37.79999923706055,0.9391350746154785,-0.07778283953666687,0.7392744421958923
37.900001525878906,1.0866847038269043,-0.06362514942884445,0.7406753301620483
38.0,1.2302305698394775,-0.04839445278048515,0.7419798970222473
38.10000228881836,1.365194320678711,-0.03214695304632187,0.7431877851486206
38.20000076293945,1.4875330924987793,-0.014975517988204956,0.7442983388900757
38.29999923706055,1.5944072008132935,0.0030016337987035513,0.7453111410140991
38.400001525878906,1.6844738721847534,0.021650275215506554,0.7462258338928223
38.5,1.7578312158584595,0.04083043709397316,0.7470420598983765
38.60000228881836,1.8157286643981934,0.0604110062122345,0.7477594614028931
38.70000076293945,1.860074758529663,0.08027218282222748,0.748377799987793
38.79999923706055,1.8930580615997314,0.10031342506408691,0.7488967180252075
38.900001525878906,1.916816234588623,0.12045245617628098,0.7493161559104919
39.0,1.9332722425460815,0.1406213641166687,0.7496358156204224
39.10000228881836,1.9440522193908691,0.16076992452144623,0.7498556971549988
39.20000076293945,1.9504762887954712,0.18085701763629913,0.7499755620956421
39.29999923706055,1.9535894393920898,0.20085331797599792,0.7499954700469971
39.400001525878906,1.9541975259780884,0.22073723375797272,0.749915361404419
39.5,1.9529180526733398,0.24049048125743866,0.7497353553771973
39.60000228881836,1.9502167701721191,0.2601023018360138,0.7494553923606873
39.70000076293945,1.9464421272277832,0.2795622646808624,0.7490756511688232
39.79999923706055,1.9418586492538452,0.29886454343795776,0.7485963106155396
39.900001525878906,1.9366570711135864,0.31800535321235657,0.7480175495147705
40.0,1.930985927581787,0.33697986602783203,0.7473395466804504
40.10000228881836,1.9249522686004639,0.3557873070240021,0.7465626001358032
40.20000076293945,1.9186347723007202,0.3744247853755951,0.7456871271133423
40.29999923706055,1.9120947122573853,0.392892062664032,0.744713306427002
40.400001525878906,1.9053764343261719,0.4111892879009247,0.7436415553092957
40.5,1.8985110521316528,0.4293149411678314,0.7424724102020264
40.60000228881836,1.8915232419967651,0.4472704231739044,0.7412062883377075
40.70000076293945,1.884433627128601,0.465054452419281,0.7398436665534973
40.79999923706055,1.877253532409668,0.4826681315898895,0.7383852005004883
40.900001525878906,1.8699913024902344,0.5001125931739807,0.7368312478065491
41.0,1.8626554012298584,0.5173869729042053,0.7351826429367065
41.10000228881836,1.8552520275115967,0.5344928503036499,0.7334399223327637
41.20000076293945,1.847784161567688,0.5514297485351562,0.7316038012504578
41.29999923706055,1.8402525186538696,0.5681987404823303,0.7296751737594604
41.400001525878906,1.832658052444458,0.584801197052002,0.7276545166969299
41.5,1.8250041007995605,0.6012362241744995,0.7255429625511169
41.60000228881836,1.8172913789749146,0.617505669593811,0.7233410477638245
41.70000076293945,1.809518575668335,0.6336090564727783,0.7210499048233032
41.79999923706055,1.801683783531189,0.6495474576950073,0.7186703681945801
41.900001525878906,1.7937864065170288,0.6653221249580383,0.7162032723426819
42.0,1.7858275175094604,0.680932343006134,0.7136496305465698
42.10000228881836,1.7778065204620361,0.6963797807693481,0.7110105752944946
42.20000076293945,1.769721269607544,0.7116637825965881,0.708287239074707
42.29999923706055,1.7615690231323242,0.7267856597900391,0.7054805755615234
42.400001525878906,1.7533482313156128,0.7417463660240173,0.7025916576385498
42.5,1.7450588941574097,0.7565452456474304,0.6996217966079712
42.60000228881836,1.736700177192688,0.7711837887763977,0.696571946144104
42.70000076293945,1.728270173072815,0.7856614589691162,0.6934435963630676
42.79999923706055,1.7197654247283936,0.7999792695045471,0.6902377605438232
42.900001525878906,1.7111833095550537,0.8141381740570068,0.6869558095932007
43.0,1.702523112297058,0.8281375765800476,0.6835992336273193
43.10000228881836,1.6937836408615112,0.8419787287712097,0.6801690459251404
43.20000076293945,1.6849637031555176,0.8556609749794006,0.6766669750213623
43.29999923706055,1.676059603691101,0.8691852688789368,0.6730942726135254
43.400001525878906,1.6670680046081543,0.8825525045394897,0.6694520711898804
43.5,1.6579869985580444,0.8957619071006775,0.6657423377037048
43.60000228881836,1.648814082145691,0.9088147878646851,0.6619661450386047
43.70000076293945,1.6395483016967773,0.9217103719711304,0.6581251621246338
43.79999923706055,1.6301865577697754,0.9344493746757507,0.6542210578918457
43.900001525878906,1.6207246780395508,0.9470324516296387,0.6502550840377808
44.0,1.6111600399017334,0.9594590663909912,0.6462292671203613
44.10000228881836,1.601488709449768,0.97173011302948,0.6421447396278381
44.20000076293945,1.5917086601257324,0.9838449358940125,0.6380035281181335
44.29999923706055,1.5818167924880981,0.995803952217102,0.6338071823120117
44.400001525878906,1.5718090534210205,1.0076078176498413,0.6295570135116577
44.5,1.5616819858551025,1.019255518913269,0.6252551078796387
44.60000228881836,1.551430583000183,1.0307482481002808,0.6209030747413635
44.70000076293945,1.5410513877868652,1.0420849323272705,0.6165028810501099
44.79999923706055,1.530539631843567,1.0532660484313965,0.6120560765266418
44.900001525878906,1.519890546798706,1.0642919540405273,0.6075642704963684
45.0,1.5091004371643066,1.0751614570617676,0.6030296087265015
45.10000228881836,1.4981626272201538,1.085875391960144,0.5984535813331604
45.20000076293945,1.4870727062225342,1.0964328050613403,0.5938383340835571
45.29999923706055,1.4758241176605225,1.106833815574646,0.589185357093811
45.400001525878906,1.464410424232483,1.117078423500061,0.5844967365264893
45.5,1.452825665473938,1.1271657943725586,0.5797744989395142
45.60000228881836,1.4410622119903564,1.1370960474014282,0.5750201344490051
45.70000076293945,1.4291133880615234,1.1468679904937744,0.5702360272407532
45.79999923706055,1.4169702529907227,1.156481385231018,0.5654237866401672
45.900001525878906,1.404624342918396,1.1659363508224487,0.5605851411819458
46.0,1.3920681476593018,1.1752312183380127,0.5557225346565247
46.10000228881836,1.3792909383773804,1.1843663454055786,0.5508373975753784
46.20000076293945,1.3662829399108887,1.1933399438858032,0.545931875705719
46.29999923706055,1.3530323505401611,1.2021515369415283,0.5410082936286926
46.400001525878906,1.339525818824768,1.2108006477355957,0.5360680222511292
46.5,1.3257510662078857,1.2192853689193726,0.5311135649681091
46.60000228881836,1.3116923570632935,1.2276054620742798,0.526146411895752
46.70000076293945,1.297336459159851,1.2357587814331055,0.5211690664291382
46.79999923706055,1.2826669216156006,1.2437443733215332,0.5161832571029663
46.900001525878906,1.267665147781372,1.251561164855957,0.5111907124519348
47.0,1.2523127794265747,1.2592066526412964,0.5061936974525452
47.10000228881836,1.236586570739746,1.2666796445846558,0.5011942386627197
47.20000076293945,1.2204644680023193,1.2739777565002441,0.4961945116519928
47.29999923706055,1.2039200067520142,1.2810992002487183,0.49119630455970764
47.400001525878906,1.1869240999221802,1.2880417108535767,0.48620137572288513
47.5,1.1694488525390625,1.294802188873291,0.48121222853660583
47.60000228881836,1.151459813117981,1.3013784885406494,0.47623032331466675
47.70000076293945,1.132920742034912,1.3077670335769653,0.4712581932544708
47.79999923706055,1.1137893199920654,1.313964605331421,0.46629732847213745
47.900001525878906,1.0940181016921997,1.3199676275253296,0.4613499045372009
48.0,1.073557734489441,1.3257718086242676,0.4564182162284851
48.10000228881836,1.052350640296936,1.3313729763031006,0.4515036940574646
48.20000076293945,1.0303329229354858,1.336766004562378,0.44660884141921997
48.29999923706055,1.0074374675750732,1.3419456481933594,0.44173529744148254
48.400001525878906,0.983585000038147,1.3469061851501465,0.4368848502635956
48.5,0.958686351776123,1.3516405820846558,0.4320598840713501
48.60000228881836,0.9326357245445251,1.3561419248580933,0.4272618591785431
48.70000076293945,0.9053181409835815,1.3604013919830322,0.4224929213523865
48.79999923706055,0.8766031265258789,1.3644102811813354,0.41775524616241455
48.900001525878906,0.8463431596755981,1.3681588172912598,0.41305020451545715
49.0,0.814369261264801,1.3716351985931396,0.4083801805973053
49.10000228881836,0.780488908290863,1.3748273849487305,0.4037465751171112
49.20000076293945,0.744479238986969,1.3777204751968384,0.39915168285369873
49.29999923706055,0.7060762643814087,1.3802986145019531,0.3945971429347992
49.400001525878906,0.6649795770645142,1.3825433254241943,0.39008453488349915
49.5,0.6208500862121582,1.3844342231750488,0.38561588525772095
49.60000228881836,0.573286235332489,1.385947823524475,0.38119301199913025
49.70000076293945,0.5218309164047241,1.3870573043823242,0.37681788206100464
49.79999923706055,0.46594423055648804,1.387731909751892,0.3724919855594635
49.900001525878906,0.40500763058662415,1.3879368305206299,0.3682169020175934
50.0,0.33832108974456787,1.387632131576538,0.3639947175979614
50.10000228881836,0.2650788724422455,1.3867719173431396,0.3598267436027527
50.20000076293945,0.18439404666423798,1.3853042125701904,0.3557150363922119
50.29999923706055,0.09529012441635132,1.383169412612915,0.3516608476638794
50.400001525878906,-0.0032485127449035645,1.3803006410598755,0.3476659953594208
50.5,-0.11219879984855652,1.3766236305236816,0.3437322676181793
50.60000228881836,-0.23241330683231354,1.372056484222412,0.33986085653305054
50.70000076293945,-0.36437079310417175,1.3665133714675903,0.33605366945266724
50.79999923706055,-0.5079830884933472,1.3599064350128174,0.33231204748153687
50.900001525878906,-0.6622159481048584,1.352152705192566,0.32863736152648926
51.0,-0.8247715830802917,1.3431837558746338,0.3250313699245453
51.10000228881836,-0.9918972253799438,1.3329538106918335,0.3214951753616333
51.20000076293945,-1.158488154411316,1.321455478668213,0.3180304169654846
51.29999923706055,-1.318585991859436,1.3087238073349,0.31463858485221863
51.400001525878906,-1.4663581848144531,1.2948417663574219,0.3113207221031189
51.5,-1.59708571434021,1.2799359560012817,0.3080785274505615
51.60000228881836,-1.7080073356628418,1.264159917831421,0.3049129247665405
51.70000076293945,-1.798484444618225,1.2476825714111328,0.30182546377182007
51.79999923706055,-1.8696887493133545,1.2306671142578125,0.29881733655929565
51.900001525878906,-1.9239636659622192,1.2132608890533447,0.2958894968032837
52.0,-1.9641412496566772,1.195591926574707,0.293043315410614
52.10000228881836,-1.9930522441864014,1.1777613162994385,0.29027989506721497
52.20000076293945,-2.013230800628662,1.1598509550094604,0.2876005172729492
52.29999923706055,-2.0267903804779053,1.1419217586517334,0.2850060760974884
52.400001525878906,-2.0354092121124268,1.124018669128418,0.2824975252151489
52.5,-2.040384531021118,1.1061772108078003,0.2800760567188263
52.60000228881836,-2.0426878929138184,1.0884202718734741,0.2777424454689026
52.70000076293945,-2.043045997619629,1.0707671642303467,0.2754978835582733
52.79999923706055,-2.041984796524048,1.053229808807373,0.27334296703338623
52.900001525878906,-2.0398972034454346,1.0358164310455322,0.2712787389755249
53.0,-2.0370593070983887,1.018534541130066,0.26930612325668335
53.10000228881836,-2.033677101135254,1.001387357711792,0.26742565631866455
53.20000076293945,-2.0298972129821777,0.9843786954879761,0.2656382918357849
53.29999923706055,-2.0258240699768066,0.967509925365448,0.26394468545913696
53.400001525878906,-2.021536111831665,0.950781524181366,0.26234540343284607
53.5,-2.017086982727051,0.934195339679718,0.2608412504196167
53.60000228881836,-2.01251482963562,0.917750358581543,0.25943270325660706
53.70000076293945,-2.007852077484131,0.9014477133750916,0.2581203877925873
53.79999923706055,-2.0031180381774902,0.8852865695953369,0.25690487027168274
53.900001525878906,-1.998324990272522,0.8692659139633179,0.2557865381240845
54.0,-1.993485450744629,0.8533864617347717,0.25476592779159546
54.10000228881836,-1.988608956336975,0.837646484375,0.25384336709976196
54.20000076293945,-1.983698844909668,0.8220465779304504,0.2530193328857422
54.29999923706055,-1.9787575006484985,0.8065853714942932,0.25229406356811523
54.400001525878906,-1.9737883806228638,0.7912617325782776,0.2516677975654602
54.5,-1.968795895576477,0.7760761976242065,0.25114092230796814
54.60000228881836,-1.9637795686721802,0.7610269784927368,0.250713586807251
54.70000076293945,-1.9587382078170776,0.7461143136024475,0.25038594007492065
54.79999923706055,-1.953671932220459,0.7313370704650879,0.2501581907272339
54.900001525878906,-1.9485825300216675,0.7166940569877625,0.2500303387641907
55.0,-1.9434725046157837,0.7021857500076294,0.2500024437904358
55.10000228881836,-1.9383388757705688,0.6878103017807007,0.250074565410614
55.20000076293945,-1.9331798553466797,0.673568069934845,0.25024664402008057
55.29999923706055,-1.927994728088379,0.6594579219818115,0.25051867961883545
55.400001525878906,-1.9227850437164307,0.6454786658287048,0.25089043378829956
55.5,-1.9175525903701782,0.6316308379173279,0.2513618469238281
55.60000228881836,-1.9122943878173828,0.6179127097129822,0.2519327402114868
55.70000076293945,-1.9070086479187012,0.6043246388435364,0.25260281562805176
55.79999923706055,-1.9016945362091064,0.590865433216095,0.25337186455726624
55.900001525878906,-1.8963524103164673,0.577534019947052,0.25423958897590637
56.0,-1.8909844160079956,0.5643309950828552,0.25520557165145874
56.10000228881836,-1.8855881690979004,0.5512546300888062,0.25626951456069946
56.20000076293945,-1.8801616430282593,0.5383053421974182,0.25743091106414795
56.29999923706055,-1.8747031688690186,0.5254819393157959,0.25868934392929077
56.400001525878906,-1.8692132234573364,0.5127835273742676,0.26004430651664734
56.5,-1.8636939525604248,0.5002105236053467,0.2614952027797699
56.60000228881836,-1.8581442832946777,0.4877614974975586,0.26304155588150024
56.70000076293945,-1.852561593055725,0.4754367172718048,0.2646826505661011
56.79999923706055,-1.8469443321228027,0.46323513984680176,0.26641780138015747
56.900001525878906,-1.841291904449463,0.4511558413505554,0.26824653148651123
57.0,-1.8356059789657593,0.439199298620224,0.27016791701316833
57.10000228881836,-1.829886794090271,0.42736414074897766,0.27218127250671387
57.20000076293945,-1.8241323232650757,0.41565069556236267,0.27428561449050903
57.29999923706055,-1.8183399438858032,0.40405797958374023,0.2764802575111389
57.400001525878906,-1.8125089406967163,0.39258503913879395,0.27876442670822144
57.5,-1.8066402673721313,0.3812323808670044,0.2811369299888611
57.60000228881836,-1.8007348775863647,0.3699987232685089,0.2835971415042877
57.70000076293945,-1.7947921752929688,0.35888445377349854,0.28614377975463867
57.79999923706055,-1.7888089418411255,0.34788861870765686,0.28877606987953186
57.900001525878906,-1.7827837467193604,0.33701035380363464,0.29149284958839417
58.0,-1.776716709136963,0.3262500464916229,0.2942928969860077
58.10000228881836,-1.7706084251403809,0.31560656428337097,0.2971753478050232
58.20000076293945,-1.7644599676132202,0.3050802946090698,0.30013883113861084
58.29999923706055,-1.7582685947418213,0.294670432806015,0.3031822144985199
58.400001525878906,-1.7520325183868408,0.2843761146068573,0.3063044846057892
58.5,-1.7457512617111206,0.27419766783714294,0.30950406193733215
58.60000228881836,-1.7394241094589233,0.26413407921791077,0.3127800226211548
58.70000076293945,-1.733052134513855,0.2541857063770294,0.3161308169364929
58.79999923706055,-1.7266346216201782,0.24435187876224518,0.31955504417419434
58.900001525878906,-1.7201695442199707,0.2346317619085312,0.3230515718460083
59.0,-1.7136555910110474,0.22502575814723969,0.3266187608242035
59.10000228881836,-1.7070916891098022,0.21553274989128113,0.3302554488182068
59.20000076293945,-1.7004778385162354,0.20615318417549133,0.3339598476886749
59.29999923706055,-1.6938146352767944,0.19688642024993896,0.33773064613342285
59.400001525878906,-1.687100887298584,0.18773184716701508,0.3415665626525879
59.5,-1.680335283279419,0.17868976294994354,0.34546583890914917
59.60000228881836,-1.6735156774520874,0.16975915431976318,0.34942692518234253
59.70000076293945,-1.6666415929794312,0.16094040870666504,0.3534480333328247
59.79999923706055,-1.659712553024292,0.15223291516304016,0.35752779245376587
59.900001525878906,-1.6527284383773804,0.14363618195056915,0.36166471242904663
60.0,-1.6456890106201172,0.13515059649944305,0.36585676670074463
60.10000228881836,-1.6385921239852905,0.12677517533302307,0.3701027035713196
60.20000076293945,-1.6314364671707153,0.11851032078266144,0.3744003474712372
60.29999923706055,-1.6242209672927856,0.1103554368019104,0.37874847650527954
60.400001525878906,-1.6169443130493164,0.10231002420186996,0.3831450939178467
60.5,-1.6096067428588867,0.09437450766563416,0.3875882029533386
60.60000228881836,-1.6022071838378906,0.08654817938804626,0.3920765519142151
60.70000076293945,-1.5947445631027222,0.07883133739233017,0.39660781621932983
60.79999923706055,-1.587217092514038,0.07122349739074707,0.4011804461479187
60.900001525878906,-1.5796228647232056,0.06372414529323578,0.40579280257225037
61.0,-1.5719612836837769,0.05633370950818062,0.41044265031814575
61.10000228881836,-1.5642307996749878,0.049051474779844284,0.41512852907180786
61.20000076293945,-1.5564312934875488,0.04187797009944916,0.41984832286834717
61.29999923706055,-1.5485613346099854,0.03481274098157883,0.4246000051498413
61.400001525878906,-1.540618658065796,0.02785537950694561,0.4293820261955261
61.5,-1.5326021909713745,0.021006273105740547,0.43419209122657776
61.60000228881836,-1.5245096683502197,0.014264816418290138,0.43902871012687683
61.70000076293945,-1.5163401365280151,0.007631443440914154,0.44388946890830994
61.79999923706055,-1.508091688156128,0.0011058077216148376,0.44877269864082336
61.900001525878906,-1.499762773513794,-0.005312316119670868,0.45367664098739624
62.0,-1.4913524389266968,-0.011622468009591103,0.4585990905761719
62.10000228881836,-1.4828578233718872,-0.01782517321407795,0.46353811025619507
62.20000076293945,-1.4742774963378906,-0.023920007050037384,0.46849149465560913
62.29999923706055,-1.465608835220337,-0.02990720421075821,0.4734574854373932
62.400001525878906,-1.4568493366241455,-0.035786956548690796,0.478434294462204
62.5,-1.4479975700378418,-0.04155879467725754,0.4834195375442505
62.60000228881836,-1.4390506744384766,-0.0472230538725853,0.4884116053581238
62.70000076293945,-1.4300071001052856,-0.05277920514345169,0.49340811371803284
62.79999923706055,-1.4208636283874512,-0.05822737514972687,0.4984074532985687
62.900001525878906,-1.4116170406341553,-0.06356765329837799,0.5034074783325195
63.0,-1.4022654294967651,-0.06879952549934387,0.508405864238739
63.10000228881836,-1.3928049802780151,-0.07392321527004242,0.5134011507034302
63.20000076293945,-1.3832331895828247,-0.07893817126750946,0.5183907747268677
63.29999923706055,-1.3735462427139282,-0.08384434878826141,0.5233731269836426
63.400001525878906,-1.363740086555481,-0.0886417031288147,0.5283463597297668
63.5,-1.353811502456665,-0.09332957118749619,0.5333079695701599
63.60000228881836,-1.3437553644180298,-0.09790800511837006,0.5382565259933472
63.70000076293945,-1.3335680961608887,-0.10237634927034378,0.5431897640228271
63.79999923706055,-1.3232450485229492,-0.10673443228006363,0.5481054782867432
63.900001525878906,-1.3127814531326294,-0.11098198592662811,0.5530022382736206
64.0,-1.3021727800369263,-0.11511827260255814,0.5578774809837341
64.0999984741211,-1.2914131879806519,-0.11914297193288803,0.5627296566963196
64.20000457763672,-1.2804957628250122,-0.1230558529496193,0.567557156085968
64.30000305175781,-1.2694156169891357,-0.1268557608127594,0.572357177734375
64.4000015258789,-1.2581651210784912,-0.13054236769676208,0.5771282911300659
64.5,-1.2467365264892578,-0.1341150552034378,0.5818687677383423
64.5999984741211,-1.2351216077804565,-0.13757312297821045,0.5865762233734131
64.70000457763672,-1.2233117818832397,-0.14091600477695465,0.5912495851516724
64.80000305175781,-1.2113004922866821,-0.14414234459400177,0.5958859324455261
64.9000015258789,-1.1990772485733032,-0.14725148677825928,0.6004839539527893
65.0,-1.186631441116333,-0.150242418050766,0.6050417423248291
65.0999984741211,-1.1739517450332642,-0.15311405062675476,0.609557569026947
65.20000457763672,-1.161024570465088,-0.15586544573307037,0.6140300035476685
65.30000305175781,-1.1478383541107178,-0.15849493443965912,0.6184563636779785
65.4000015258789,-1.1343774795532227,-0.16100144386291504,0.6228355765342712
65.5,-1.1206259727478027,-0.16338349878787994,0.6271654367446899
65.5999984741211,-1.1065665483474731,-0.1656394898891449,0.6314444541931152
65.70000457763672,-1.0921809673309326,-0.16776789724826813,0.6356712579727173
65.80000305175781,-1.0774515867233276,-0.16976653039455414,0.6398434638977051
65.9000015258789,-1.0623551607131958,-0.1716335266828537,0.6439597010612488
66.0,-1.046866774559021,-0.17336665093898773,0.6480183601379395
66.0999984741211,-1.0309590101242065,-0.17496348917484283,0.6520179510116577
66.20000457763672,-1.0146007537841797,-0.17642153799533844,0.6559568047523499
66.30000305175781,-0.9977619647979736,-0.1777377873659134,0.6598332524299622
66.4000015258789,-0.9804061651229858,-0.17890937626361847,0.6636456251144409
66.5,-0.9624909162521362,-0.17993281781673431,0.6673924922943115
66.5999984741211,-0.9439738988876343,-0.18080449104309082,0.6710724234580994
66.70000457763672,-0.9248086214065552,-0.18152061104774475,0.6746842861175537
66.80000305175781,-0.9049442410469055,-0.18207670748233795,0.6782258749008179
66.9000015258789,-0.8843173980712891,-0.18246792256832123,0.6816962361335754
67.0,-0.8628575801849365,-0.18268883228302002,0.6850940585136414
67.0999984741211,-0.8404856324195862,-0.1827334314584732,0.6884177327156067
67.20000457763672,-0.8171124458312988,-0.18259519338607788,0.691666305065155
67.30000305175781,-0.7926456928253174,-0.18226709961891174,0.6948379278182983
67.4000015258789,-0.7669776082038879,-0.18174143135547638,0.6979315876960754
67.5,-0.7399815320968628,-0.1810092180967331,0.7009460926055908
67.5999984741211,-0.711519181728363,-0.18006077408790588,0.703880250453949
67.70000457763672,-0.6814269423484802,-0.17888498306274414,0.7067331075668335
67.80000305175781,-0.6495233774185181,-0.1774696707725525,0.7095030546188354
67.9000015258789,-0.6155956387519836,-0.17580091953277588,0.712189257144928
68.0,-0.5794058442115784,-0.17386342585086823,0.7147905230522156
68.0999984741211,-0.5406796336174011,-0.1716398000717163,0.7173058390617371
68.20000457763672,-0.49910134077072144,-0.16911029815673828,0.7197344899177551
68.30000305175781,-0.45431479811668396,-0.1662529855966568,0.7220749855041504
68.4000015258789,-0.40590280294418335,-0.16304245591163635,0.7243267297744751
68.5,-0.3533972501754761,-0.15945041179656982,0.7264886498451233
68.5999984741211,-0.2962646484375,-0.15544451773166656,0.7285601496696472
68.70000457763672,-0.23390164971351624,-0.15098780393600464,0.7305402159690857
68.80000305175781,-0.16565272212028503,-0.14603948593139648,0.7324280738830566
68.9000015258789,-0.09078913927078247,-0.1405526101589203,0.7342228293418884
69.0,-0.00854937732219696,-0.13447481393814087,0.7359239459037781
69.0999984741211,0.08182669430971146,-0.1277480274438858,0.7375307083129883
69.20000457763672,0.18105511367321014,-0.12030796706676483,0.7390425205230713
69.30000305175781,0.28965920209884644,-0.11208748817443848,0.7404586672782898
69.4000015258789,0.40788206458091736,-0.10301516950130463,0.7417786121368408
69.5,0.5354814529418945,-0.09301993995904922,0.7430019378662109
69.5999984741211,0.6714837551116943,-0.08203668892383575,0.7441279888153076
69.70000457763672,0.8140431642532349,-0.070010244846344,0.7451564073562622
69.80000305175781,0.9602322578430176,-0.056907769292593,0.7460867762565613
69.9000015258789,1.1062453985214233,-0.042721226811409,0.7469186782836914
70.0,1.2476215362548828,-0.02747618407011032,0.7476518154144287
70.0999984741211,1.3798956871032715,-0.011234522797167301,0.7482859492301941
70.20000457763672,1.4992438554763794,0.005910197272896767,0.7488207817077637
70.30000305175781,1.6030442714691162,0.023835213854908943,0.7492560148239136
70.4000015258789,1.6901819705963135,0.04240725189447403,0.749591588973999
70.5,1.760918378829956,0.06148981302976608,0.7498273849487305
70.5999984741211,1.816580891609192,0.08095328509807587,0.7499631643295288
70.70000457763672,1.8590984344482422,0.10068415105342865,0.7499989867210388
70.80000305175781,1.8906196355819702,0.12058133631944656,0.7499347925186157
70.9000015258789,1.9132306575775146,0.14056608080863953,0.7497707009315491
71.0,1.92879319190979,0.16057436168193817,0.7495066523551941
71.0999984741211,1.9388757944107056,0.1805562674999237,0.7491428256034851
71.20000457763672,1.944749116897583,0.20047509670257568,0.7486792802810669
71.30000305175781,1.947418212890625,0.22029875218868256,0.7481163740158081
71.4000015258789,1.9476580619812012,0.24000713229179382,0.7474541664123535
71.5,1.9460641145706177,0.259583979845047,0.7466930150985718
71.5999984741211,1.943084478378296,0.27901747822761536,0.745833158493042
71.70000457763672,1.939056158065796,0.2983003556728363,0.744874894618988
71.80000305175781,1.934234380722046,0.3174232244491577,0.7438187599182129
71.9000015258789,1.9288047552108765,0.33638322353363037,0.74266517162323
72.0,1.9229108095169067,0.3551769554615021,0.7414144277572632
72.0999984741211,1.9166568517684937,0.3738023340702057,0.7400671243667603
72.20000457763672,1.9101183414459229,0.39225924015045166,0.7386237382888794
72.30000305175781,1.9033572673797607,0.41054391860961914,0.7370850443840027
72.4000015258789,1.8964163064956665,0.42865729331970215,0.7354514598846436
72.5,1.8893252611160278,0.44659918546676636,0.7337237596511841
72.5999984741211,1.88210928440094,0.464369535446167,0.7319025993347168
72.70000457763672,1.8747870922088623,0.4819698631763458,0.7299884557723999
72.80000305175781,1.8673715591430664,0.49939781427383423,0.7279824614524841
72.9000015258789,1.8598705530166626,0.5166551470756531,0.725885272026062
73.0,1.8522920608520508,0.5337422490119934,0.7236977815628052
73.0999984741211,1.8446422815322876,0.5506595373153687,0.7214207649230957
73.20000457763672,1.836923360824585,0.5674089193344116,0.7190550565719604
73.30000305175781,1.8291372060775757,0.5839884281158447,0.7166019082069397
73.4000015258789,1.8212850093841553,0.6003997921943665,0.7140620946884155
73.5,1.8133689165115356,0.6166435480117798,0.7114367485046387
73.5999984741211,1.8053902387619019,0.6327202916145325,0.7087266445159912
73.70000457763672,1.7973464727401733,0.6486318111419678,0.7059330940246582
73.80000305175781,1.7892372608184814,0.6643762588500977,0.7030571103096008
73.9000015258789,1.7810615301132202,0.6799553632736206,0.7001000642776489
74.0,1.7728196382522583,0.6953696012496948,0.6970629692077637
74.0999984741211,1.7645118236541748,0.7106194496154785,0.6939470767974854
74.20000457763672,1.7561345100402832,0.7257065773010254,0.6907533407211304
74.30000305175781,1.7476863861083984,0.7406293749809265,0.687483549118042
74.4000015258789,1.7391653060913086,0.7553892731666565,0.6841387748718262
74.5,1.7305705547332764,0.7699867486953735,0.6807202100753784
74.5999984741211,1.7219020128250122,0.7844222784042358,0.6772295236587524
74.70000457763672,1.7131562232971191,0.798697292804718,0.6736676692962646
74.80000305175781,1.704331398010254,0.8128101229667664,0.6700366139411926
74.9000015258789,1.6954244375228882,0.826762318611145,0.6663375496864319
75.0,1.6864336729049683,0.8405541777610779,0.6625719666481018
75.0999984741211,1.6773580312728882,0.854185938835144,0.6587413549423218
75.20000457763672,1.6681950092315674,0.8676589727401733,0.6548469066619873
75.30000305175781,1.6589425802230835,0.8809716105461121,0.6508908271789551
75.4000015258789,1.64959716796875,0.89412522315979,0.6468743085861206
75.5,1.6401557922363281,0.9071201086044312,0.6427991390228271
75.5999984741211,1.6306160688400269,0.9199564456939697,0.6386668682098389
75.70000457763672,1.6209750175476074,0.9326352477073669,0.6344788074493408
75.80000305175781,1.6112312078475952,0.9451549053192139,0.6302372813224792
75.9000015258789,1.6013802289962769,0.9575165510177612,0.625943660736084
76.0,1.5914186239242554,0.9697203636169434,0.6215997338294983
76.0999984741211,1.5813428163528442,0.9817664623260498,0.6172069311141968
76.20000457763672,1.57114839553833,0.9936558604240417,0.612767219543457
76.30000305175781,1.5608333349227905,1.0053867101669312,0.6082823872566223
76.4000015258789,1.550392985343933,1.0169599056243896,0.6037545204162598
76.5,1.5398229360580444,1.028375506401062,0.5991851091384888
76.5999984741211,1.529118537902832,1.0396333932876587,0.5945760011672974
76.70000457763672,1.5182740688323975,1.050734519958496,0.5899286866188049
76.80000305175781,1.5072859525680542,1.0616769790649414,0.5852458477020264
76.9000015258789,1.4961483478546143,1.0724612474441528,0.5805288553237915
77.0,1.4848557710647583,1.08308744430542,0.5757794380187988
77.0999984741211,1.4734020233154297,1.0935550928115845,0.5709999799728394
77.20000457763672,1.4617799520492554,1.1038646697998047,0.5661916136741638
77.30000305175781,1.4499846696853638,1.1140143871307373,0.5613572597503662
77.4000015258789,1.438008189201355,1.124004602432251,0.5564983487129211
77.5,1.425842523574829,1.1338348388671875,0.5516168475151062
77.5999984741211,1.4134795665740967,1.1435046195983887,0.546714723110199
77.70000457763672,1.400909185409546,1.1530139446258545,0.5417934060096741
77.80000305175781,1.3881237506866455,1.1623607873916626,0.5368558764457703
77.9000015258789,1.3751119375228882,1.171545147895813,0.5319033861160278
78.0,1.3618634939193726,1.1805661916732788,0.5269383192062378
78.0999984741211,1.3483670949935913,1.1894232034683228,0.5219625234603882
78.20000457763672,1.3346092700958252,1.198115587234497,0.5169774293899536
78.30000305175781,1.3205780982971191,1.2066410779953003,0.5119860172271729
78.4000015258789,1.306257724761963,1.2149990797042847,0.5069898366928101
78.5,1.2916316986083984,1.2231884002685547,0.5019908547401428
78.5999984741211,1.276682734489441,1.2312076091766357,0.496990829706192
78.70000457763672,1.2613905668258667,1.2390556335449219,0.4919919967651367
78.80000305175781,1.2457382678985596,1.2467297315597534,0.4869963824748993
78.9000015258789,1.2297027111053467,1.2542284727096558,0.4820062220096588
79.0,1.213259220123291,1.261549949645996,0.47702324390411377
79.0999984741211,1.1963807344436646,1.268691897392273,0.47204944491386414
79.20000457763672,1.179036259651184,1.275652289390564,0.4670863747596741
79.30000305175781,1.161195993423462,1.282427430152893,0.4621369242668152
79.4000015258789,1.142822504043579,1.2890149354934692,0.45720264315605164
79.5,1.1238774061203003,1.2954118251800537,0.4522852301597595
79.5999984741211,1.1043184995651245,1.3016144037246704,0.44738712906837463
79.70000457763672,1.0840961933135986,1.307619333267212,0.44250959157943726
79.80000305175781,1.063158631324768,1.313421368598938,0.4376555383205414
79.9000015258789,1.0414433479309082,1.3190163373947144,0.432826429605484
80.0,1.0188827514648438,1.3243989944458008,0.42802417278289795
80.0999984741211,0.9954023957252502,1.329563856124878,0.4232504665851593
80.20000457763672,0.9709110856056213,1.3345047235488892,0.41850748658180237
80.30000305175781,0.94532310962677,1.3392142057418823,0.4137970805168152
80.4000015258789,0.9185330271720886,1.3436851501464844,0.40912163257598877
80.5,0.8904168009757996,1.3479089736938477,0.40448206663131714
80.5999984741211,0.8608306646347046,1.3518757820129395,0.39988070726394653
80.70000457763672,0.8296079635620117,1.3555748462677002,0.395319402217865
80.80000305175781,0.7965689897537231,1.3589937686920166,0.39079993963241577
80.9000015258789,0.7615070343017578,1.3621195554733276,0.38632461428642273
81.0,0.7241820693016052,1.3649370670318604,0.3818943500518799
81.0999984741211,0.6843160390853882,1.3674290180206299,0.3775117099285126
81.20000457763672,0.6415827870368958,1.369576334953308,0.3731772303581238
81.30000305175781,0.5956129431724548,1.3713561296463013,0.3688943386077881
81.4000015258789,0.5459725856781006,1.3727436065673828,0.3646634519100189
81.5,0.49216288328170776,1.37371027469635,0.3604866862297058
81.5999984741211,0.4336087107658386,1.3742231130599976,0.3563661575317383
81.70000457763672,0.3696403503417969,1.3742445707321167,0.3523022532463074
81.80000305175781,0.2995118498802185,1.3737316131591797,0.34829825162887573
81.9000015258789,0.2223677784204483,1.3726354837417603,0.344354510307312
82.0,0.13727311789989471,1.37090003490448,0.3404734134674072
82.0999984741211,0.04322971776127815,1.368462085723877,0.33665573596954346
82.20000457763672,-0.060783788561820984,1.3652502298355103,0.3329033851623535
82.30000305175781,-0.1756659299135208,1.3611869812011719,0.32921791076660156
82.4000015258789,-0.3021100163459778,1.3561878204345703,0.3256007432937622
82.5,-0.440329909324646,1.3501648902893066,0.3220536708831787
82.5999984741211,-0.5897530913352966,1.343032956123352,0.3185774087905884
82.70000457763672,-0.7487279176712036,1.334714412689209,0.3151737451553345
82.80000305175781,-0.9141613245010376,1.3251538276672363,0.31184399127960205
82.9000015258789,-1.0815552473068237,1.3143236637115479,0.3085898458957672
83.0,-1.2452627420425415,1.3022385835647583,0.3054119348526001
83.0999984741211,-1.3992681503295898,1.2889597415924072,0.30231183767318726
83.20000457763672,-1.538240909576416,1.274593472480774,0.29929083585739136
83.30000305175781,-1.6584330797195435,1.2592848539352417,0.2963501214981079
83.4000015258789,-1.7582441568374634,1.2431963682174683,0.2934911251068115
83.5,-1.8380801677703857,1.2264951467514038,0.29071444272994995
83.5999984741211,-1.8998173475265503,1.2093377113342285,0.2880217432975769
83.70000457763672,-1.9461311101913452,1.1918596029281616,0.28541332483291626
83.80000305175781,-1.9798946380615234,1.1741769313812256,0.28289127349853516
83.9000015258789,-2.003798007965088,1.1563788652420044,0.2804557681083679
84.0,-2.020157814025879,1.1385352611541748,0.2781081199645996
84.0999984741211,-2.030846357345581,1.1206986904144287,0.2758494019508362
84.20000457763672,-2.0373291969299316,1.1029070615768433,0.2736799716949463
84.30000305175781,-2.0407204627990723,1.0851914882659912,0.27160143852233887
84.4000015258789,-2.041851043701172,1.0675714015960693,0.2696140706539154
84.5,-2.0413365364074707,1.050061583518982,0.267719030380249
84.5999984741211,-2.039623498916626,1.032672643661499,0.26591670513153076
84.70000457763672,-2.037039041519165,1.0154106616973877,0.264208048582077
84.80000305175781,-2.0338215827941895,0.9982833862304688,0.26259368658065796
84.9000015258789,-2.0301387310028076,0.9812929034233093,0.2610743045806885
85.0,-2.026118040084839,0.96444171667099,0.25965064764022827
85.0999984741211,-2.0218453407287598,0.947731077671051,0.25832295417785645
85.20000457763672,-2.0173845291137695,0.9311606287956238,0.2570919394493103
85.30000305175781,-2.0127859115600586,0.914733350276947,0.25595808029174805
85.4000015258789,-2.008080005645752,0.8984479904174805,0.25492194294929504
85.5,-2.0032901763916016,0.882304310798645,0.253983736038208
85.5999984741211,-1.9984360933303833,0.8663021922111511,0.25314393639564514
85.70000457763672,-1.993530035018921,0.8504398465156555,0.2524028718471527
85.80000305175781,-1.9885789155960083,0.834719181060791,0.2517608404159546
85.9000015258789,-1.9835894107818604,0.8191384077072144,0.25121819972991943
86.0,-1.9785685539245605,0.8036969900131226,0.25077497959136963
86.0999984741211,-1.9735187292099,0.7883943319320679,0.25043147802352905
86.20000457763672,-1.9684394598007202,0.7732284069061279,0.2501877546310425
86.30000305175781,-1.9633328914642334,0.758201003074646,0.25004398822784424
86.4000015258789,-1.958201289176941,0.743310272693634,0.2500001788139343
86.5,-1.9530469179153442,0.7285556197166443,0.2500563859939575
86.5999984741211,-1.9478676319122314,0.7139363288879395,0.25021255016326904
86.70000457763672,-1.9426614046096802,0.6994505524635315,0.2504686713218689
86.80000305175781,-1.937429428100586,0.6850998401641846,0.25082457065582275
86.9000015258789,-1.9321731328964233,0.6708824634552002,0.25128012895584106
87.0,-1.9268934726715088,0.6567979454994202,0.2518351376056671
87.0999984741211,-1.9215874671936035,0.6428455114364624,0.25248944759368896
87.20000457763672,-1.916252851486206,0.6290233731269836,0.2532427906990051
87.30000305175781,-1.9108903408050537,0.6153330206871033,0.25409483909606934
87.4000015258789,-1.905500888824463,0.6017729043960571,0.25504523515701294
87.5,-1.900085687637329,0.5883424878120422,0.25609350204467773
87.5999984741211,-1.8946417570114136,0.5750410556793213,0.257239431142807
87.70000457763672,-1.8891669511795044,0.5618669390678406,0.2584824562072754
87.80000305175781,-1.8836613893508911,0.5488216280937195,0.25982213020324707
87.9000015258789,-1.8781254291534424,0.5359035134315491,0.26125770807266235
88.0,-1.8725602626800537,0.5231122374534607,0.26278889179229736
88.0999984741211,-1.8669642210006714,0.5104470252990723,0.2644149959087372
88.20000457763672,-1.8613344430923462,0.4979064166545868,0.2661353349685669
88.30000305175781,-1.855670690536499,0.48549172282218933,0.2679492235183716
88.4000015258789,-1.8499729633331299,0.4732014834880829,0.26985570788383484
88.5,-1.8442425727844238,0.4610353410243988,0.2718544602394104
88.5999984741211,-1.8384790420532227,0.44899263978004456,0.27394425868988037
88.70000457763672,-1.832679033279419,0.43707194924354553,0.27612489461898804
88.80000305175781,-1.8268420696258545,0.4252745509147644,0.2783946692943573
88.9000015258789,-1.8209673166275024,0.4135991036891937,0.2807532846927643
89.0,-1.8150559663772583,0.4020451605319977,0.28319960832595825
89.0999984741211,-1.809108853340149,0.3906122148036957,0.2857323884963989
89.20000457763672,-1.8031229972839355,0.37929901480674744,0.2883513569831848
89.30000305175781,-1.7970974445343018,0.3681066334247589,0.29105451703071594
89.4000015258789,-1.7910305261611938,0.3570338487625122,0.29384148120880127
89.5,-1.7849228382110596,0.3460802137851715,0.29671066999435425
89.5999984741211,-1.7787752151489258,0.33524537086486816,0.29966139793395996
89.70000457763672,-1.772586703300476,0.3245280683040619,0.3026922941207886
89.80000305175781,-1.7663557529449463,0.3139294683933258,0.3058021068572998
89.9000015258789,-1.7600809335708618,0.30344831943511963,0.30898958444595337
90.0,-1.7537614107131958,0.29308417439460754,0.3122531771659851
90.0999984741211,-1.7473973035812378,0.2828367054462433,0.3155921697616577
90.20000457763672,-1.7409887313842773,0.2727048993110657,0.31900492310523987
90.30000305175781,-1.7345352172851562,0.2626897692680359,0.32249006628990173
90.4000015258789,-1.7280346155166626,0.2527901828289032,0.3260459005832672
90.5,-1.7214857339859009,0.24300572276115417,0.32967162132263184
90.5999984741211,-1.714888095855713,0.23333604633808136,0.3333654999732971
90.70000457763672,-1.7082411050796509,0.22378014028072357,0.3371260166168213
90.80000305175781,-1.7015460729599,0.2143392115831375,0.34095168113708496
90.9000015258789,-1.6948010921478271,0.20501211285591125,0.3448405861854553
91.0,-1.688004493713379,0.19579848647117615,0.3487919569015503
91.0999984741211,-1.6811553239822388,0.1866980344057083,0.35280340909957886
91.20000457763672,-1.6742522716522217,0.17770974338054657,0.3568744957447052
91.30000305175781,-1.6672959327697754,0.16883474588394165,0.3610020577907562
91.4000015258789,-1.6602857112884521,0.16007207334041595,0.36518561840057373
91.5,-1.653220772743225,0.15142148733139038,0.3694230914115906
91.5999984741211,-1.6460990905761719,0.14288263022899628,0.373712420463562
91.70000457763672,-1.6389188766479492,0.13445459306240082,0.37805303931236267
91.80000305175781,-1.6316802501678467,0.12613840401172638,0.3824416399002075
91.9000015258789,-1.6243822574615479,0.11793319880962372,0.3868776559829712
92.0,-1.6170246601104736,0.1098388135433197,0.39135849475860596
92.0999984741211,-1.6096068620681763,0.10185504704713821,0.3958832323551178
92.20000457763672,-1.602126121520996,0.09398102760314941,0.40044963359832764
92.30000305175781,-1.5945820808410645,0.08621770888566971,0.40505582094192505
92.4000015258789,-1.5869728326797485,0.07856430113315582,0.4097000062465668
92.5,-1.5792975425720215,0.07102063298225403,0.4143798351287842
92.5999984741211,-1.5715553760528564,0.06358656287193298,0.41909438371658325
92.70000457763672,-1.563745141029358,0.05626143142580986,0.42384129762649536
92.80000305175781,-1.5558663606643677,0.049046166241168976,0.4286186695098877
92.9000015258789,-1.5479167699813843,0.04194003343582153,0.43342411518096924
93.0,-1.539894700050354,0.03494288772344589,0.4382566809654236
93.0999984741211,-1.5317986011505127,0.028054624795913696,0.44311392307281494
93.20000457763672,-1.523626446723938,0.0212746262550354,0.4479939341545105
93.30000305175781,-1.5153782367706299,0.014603890478610992,0.45289474725723267
93.4000015258789,-1.507051944732666,0.00804181955754757,0.45781391859054565
93.5,-1.4986457824707031,0.001588357612490654,0.4627504348754883
93.5999984741211,-1.4901578426361084,-0.004756569862365723,0.46770137548446655
93.70000457763672,-1.4815852642059326,-0.01099349930882454,0.4726662039756775
93.80000305175781,-1.472927451133728,-0.017121508717536926,0.4776409864425659
93.9000015258789,-1.4641817808151245,-0.023141056299209595,0.48262521624565125
94.0,-1.4553461074829102,-0.029052119702100754,0.4876163899898529
94.0999984741211,-1.4464185237884521,-0.03485459089279175,0.49261200428009033
94.20000457763672,-1.4373958110809326,-0.0405488945543766,0.4976115822792053
94.30000305175781,-1.428276777267456,-0.04613408446311951,0.5026111006736755
94.4000015258789,-1.4190582036972046,-0.051610544323921204,0.5076100826263428
94.5,-1.4097373485565186,-0.05697815120220184,0.5126055479049683
94.5999984741211,-1.4003112316131592,-0.06223680078983307,0.5175964832305908
94.70000457763672,-1.3907760381698608,-0.0673867017030716,0.5225803256034851
94.80000305175781,-1.3811299800872803,-0.07242687791585922,0.5275551676750183
94.9000015258789,-1.3713690042495728,-0.07735754549503326,0.5325189828872681
95.0,-1.3614894151687622,-0.08217840641736984,0.5374693274497986
95.0999984741211,-1.3514868021011353,-0.08688925206661224,0.5424051284790039
95.20000457763672,-1.3413567543029785,-0.09149011969566345,0.5473239421844482
95.30000305175781,-1.3310970067977905,-0.09598000347614288,0.5522238612174988
95.4000015258789,-1.320702314376831,-0.10035891085863113,0.5571024417877197
95.5,-1.310167908668518,-0.10462641716003418,0.5619586706161499
95.5999984741211,-1.2994884252548218,-0.10878211259841919,0.5667900443077087
95.70000457763672,-1.2886571884155273,-0.11282584071159363,0.5715947151184082
95.80000305175781,-1.2776695489883423,-0.11675644665956497,0.5763707756996155
95.9000015258789,-1.2665177583694458,-0.12057371437549591,0.5811158418655396
96.0,-1.2551947832107544,-0.12427704781293869,0.5858289003372192
96.0999984741211,-1.2436935901641846,-0.1278657764196396,0.5905072093009949
96.20000457763672,-1.232006311416626,-0.131339430809021,0.5951501727104187
96.30000305175781,-1.2201263904571533,-0.13469670712947845,0.5997542142868042
96.4000015258789,-1.208044171333313,-0.1379370391368866,0.6043187379837036
96.5,-1.1957495212554932,-0.14105947315692902,0.608841598033905
96.5999984741211,-1.1832319498062134,-0.14406302571296692,0.6133204698562622
96.70000457763672,-1.1704784631729126,-0.14694684743881226,0.6177548766136169
96.80000305175781,-1.1574786901474,-0.14970935881137848,0.6221413016319275
96.9000015258789,-1.1442177295684814,-0.15234960615634918,0.6264793276786804
97.0,-1.130680799484253,-0.15486618876457214,0.6307663917541504
97.0999984741211,-1.1168529987335205,-0.15725764632225037,0.6350014805793762
97.20000457763672,-1.1027166843414307,-0.15952257812023163,0.6391826272010803
97.30000305175781,-1.088255524635315,-0.1616588830947876,0.6433080434799194
97.4000015258789,-1.0734477043151855,-0.16366487741470337,0.6473761796951294
97.5,-1.0582702159881592,-0.1655384749174118,0.6513849496841431
97.5999984741211,-1.0426979064941406,-0.16727745532989502,0.6553335785865784
97.70000457763672,-1.0267021656036377,-0.16887955367565155,0.6592200994491577
97.80000305175781,-1.010256052017212,-0.17034199833869934,0.6630429029464722
97.9000015258789,-0.9933248162269592,-0.1716620773077011,0.6668001413345337
98.0,-0.9758707880973816,-0.17283658683300018,0.6704909801483154
98.0999984741211,-0.9578573703765869,-0.1738623082637787,0.6741136312484741
98.20000457763672,-0.9392402172088623,-0.17473569512367249,0.6776666641235352
98.30000305175781,-0.9199720621109009,-0.17545251548290253,0.6811486482620239
98.4000015258789,-0.8999947905540466,-0.17600832879543304,0.6845577955245972
98.5,-0.8792445659637451,-0.1763981282711029,0.6878935098648071
98.5999984741211,-0.8576505780220032,-0.17661648988723755,0.6911537051200867
98.70000457763672,-0.8351333737373352,-0.1766575127840042,0.6943380832672119
98.80000305175781,-0.8116118907928467,-0.17651481926441193,0.6974440813064575
98.9000015258789,-0.7869846224784851,-0.1761811524629593,0.7004714608192444
99.0,-0.7611415982246399,-0.1756485104560852,0.7034186124801636
99.0999984741211,-0.7339586615562439,-0.17490807175636292,0.7062841653823853
99.20000457763672,-0.705288290977478,-0.1739497184753418,0.709067702293396
99.30000305175781,-0.6749686002731323,-0.17276234924793243,0.7117670774459839
99.4000015258789,-0.6428102850914001,-0.171333447098732,0.7143820524215698
99.5,-0.6086024641990662,-0.16964921355247498,0.7169109582901001
99.5999984741211,-0.5721005201339722,-0.16769394278526306,0.719353437423706
99.70000457763672,-0.5330270528793335,-0.16545003652572632,0.7217081189155579
99.80000305175781,-0.49106666445732117,-0.1628977507352829,0.7239741086959839
99.9000015258789,-0.44584643840789795,-0.16001422703266144,0.7261505126953125
100.0,-0.39694738388061523,-0.15677399933338165,0.7282363176345825
