time,v_potential,w_recovery
0.0,-1.5,-0.5
0.10000000149011612,-1.4409304857254028,-0.5029496550559998
0.20000000298023224,-1.387650489807129,-0.5054334998130798
0.30000001192092896,-1.338874101638794,-0.5074953436851501
0.4000000059604645,-1.293644905090332,-0.5091697573661804
0.5,-1.2512246370315552,-0.510484516620636
0.6000000238418579,-1.2110286951065063,-0.5114617943763733
0.699999988079071,-1.1725900173187256,-0.5121195912361145
0.800000011920929,-1.1355204582214355,-0.51247239112854
0.9000000357627869,-1.0994889736175537,-0.5125316977500916
1.0,-1.0642120838165283,-0.5123064517974854
1.100000023841858,-1.0294383764266968,-0.5118035078048706
1.2000000476837158,-0.9949371814727783,-0.5110276937484741
1.3000000715255737,-0.9604918360710144,-0.5099821090698242
1.399999976158142,-0.9258971810340881,-0.5086679458618164
1.5,-0.89095139503479,-0.5070850849151611
1.600000023841858,-0.855453372001648,-0.5052315592765808
1.7000000476837158,-0.8191924095153809,-0.5031039714813232
1.8000000715255737,-0.7819474935531616,-0.5006969571113586
1.899999976158142,-0.7434853315353394,-0.4980035126209259
2.0,-0.7035508155822754,-0.4950147867202759
2.1000001430511475,-0.6618743538856506,-0.4917201101779938
2.200000047683716,-0.6181479692459106,-0.48810625076293945
2.299999952316284,-0.5720229744911194,-0.4841573238372803
2.4000000953674316,-0.5231091380119324,-0.47985467314720154
2.5,-0.47097477316856384,-0.47517693042755127
2.6000001430511475,-0.4151284098625183,-0.4700988829135895
2.700000047683716,-0.35501521825790405,-0.46459129452705383
2.799999952316284,-0.2900116443634033,-0.4586203098297119
2.9000000953674316,-0.2194259911775589,-0.45214730501174927
3.0,-0.14250054955482483,-0.445127934217453
3.1000001430511475,-0.0584334135055542,-0.4375119209289551
3.200000047683716,0.03359805792570114,-0.42924290895462036
3.299999952316284,0.13437874615192413,-0.42025822401046753
3.4000000953674316,0.24454399943351746,-0.41049015522003174
3.5,0.36446791887283325,-0.39986705780029297
3.6000001430511475,0.49405398964881897,-0.38831642270088196
3.700000047683716,0.632498562335968,-0.3757701814174652
3.799999952316284,0.7780895233154297,-0.36216971278190613
3.9000000953674316,0.9280267953872681,-0.347475528717041
4.0,1.0784714221954346,-0.33167457580566406
4.099999904632568,1.2248282432556152,-0.3147878348827362
4.200000286102295,1.3623584508895874,-0.2968737483024597
4.300000190734863,1.4868824481964111,-0.27802687883377075
4.400000095367432,1.5954595804214478,-0.2583693265914917
4.5,1.6867098808288574,-0.23804016411304474
4.599999904632568,1.7607707977294922,-0.2171822041273117
4.700000286102295,1.8189563751220703,-0.1959310621023178
4.800000190734863,1.8632757663726807,-0.17440852522850037
4.900000095367432,1.8959970474243164,-0.15271754562854767
5.0,1.9193434715270996,-0.1309429556131363
5.099999904632568,1.9352902173995972,-0.10915178805589676
5.200000286102295,1.945510983467102,-0.08739626407623291
5.300000190734863,1.951352596282959,-0.06571637094020844
5.400000095367432,1.9538806676864624,-0.04414207488298416
5.5,1.9539127349853516,-0.022695675492286682
5.599999904632568,1.952075481414795,-0.001393686980009079
5.700000286102295,1.9488366842269897,0.01975204423069954
5.800000190734863,1.9445524215698242,0.04073251038789749
5.900000095367432,1.9394829273223877,0.06154172122478485
6.0,1.9338264465332031,0.08217526227235794
6.099999904632568,1.9277288913726807,0.10263022035360336
6.200000286102295,1.9212968349456787,0.12290482223033905
6.300000190734863,1.9146134853363037,0.14299757778644562
6.400000095367432,1.9077388048171997,0.16290806233882904
6.5,1.9007160663604736,0.18263614177703857
6.599999904632568,1.8935797214508057,0.2021818608045578
6.700000286102295,1.886356234550476,0.22154568135738373
6.800000190734863,1.8790621757507324,0.2407279759645462
6.900000095367432,1.871711254119873,0.2597295641899109
7.0,1.8643152713775635,0.27855104207992554
7.099999904632568,1.85688316822052,0.29719334840774536
7.200000286102295,1.8494188785552979,0.31565743684768677
7.300000190734863,1.8419263362884521,0.3339439630508423
7.400000095367432,1.834409236907959,0.35205405950546265
7.5,1.8268711566925049,0.36998850107192993
7.599999904632568,1.8193137645721436,0.3877483010292053
7.700000286102295,1.8117364645004272,0.40533462166786194
7.800000190734863,1.8041396141052246,0.4227482080459595
7.900000095367432,1.7965242862701416,0.4399900436401367
8.0,1.7888925075531006,0.4570610821247101
8.100000381469727,1.7812442779541016,0.47396227717399597
8.199999809265137,1.77357816696167,0.49069446325302124
8.300000190734863,1.7658932209014893,0.5072588920593262
8.40000057220459,1.7581892013549805,0.5236563086509705
8.5,1.7504668235778809,0.5398874878883362
8.600000381469727,1.7427265644073486,0.5559535026550293
8.699999809265137,1.7349674701690674,0.5718550682067871
8.800000190734863,1.7271876335144043,0.5875934362411499
8.90000057220459,1.719386100769043,0.6031692624092102
9.0,1.7115628719329834,0.6185833811759949
9.100000381469727,1.7037179470062256,0.6338367462158203
9.199999809265137,1.6958515644073486,0.6489299535751343
9.300000190734863,1.6879621744155884,0.6638641953468323
9.40000057220459,1.6800479888916016,0.6786401867866516
9.5,1.6721079349517822,0.6932586431503296
9.600000381469727,1.6641414165496826,0.7077205181121826
9.699999809265137,1.6561485528945923,0.7220263481140137
9.800000190734863,1.6481293439865112,0.7361772656440735
9.90000057220459,1.6400820016860962,0.7501737475395203
10.0,1.632004976272583,0.7640165090560913
10.100000381469727,1.623896837234497,0.7777065634727478
10.199999809265137,1.615756630897522,0.7912445068359375
10.300000190734863,1.60758376121521,0.8046310544013977
10.40000057220459,1.5993776321411133,0.8178669214248657
10.5,1.5911375284194946,0.8309525847434998
10.600000381469727,1.5828611850738525,0.843889057636261
10.699999809265137,1.574547290802002,0.8566766977310181
10.800000190734863,1.5661940574645996,0.8693165183067322
10.90000057220459,1.5578004121780396,0.8818089365959167
11.0,1.5493654012680054,0.8941544890403748
11.100000381469727,1.5408879518508911,0.9063538908958435
11.199999809265137,1.532366394996643,0.9184074997901917
11.300000190734863,1.5237984657287598,0.930316150188446
11.40000057220459,1.515182614326477,0.9420804381370544
11.5,1.5065170526504517,0.9537006616592407
11.600000381469727,1.4977996349334717,0.9651775360107422
11.699999809265137,1.489029049873352,0.9765114188194275
11.800000190734863,1.4802030324935913,0.9877027869224548
11.90000057220459,1.4713197946548462,0.998752236366272
12.0,1.4623768329620361,1.0096598863601685
12.100000381469727,1.4533718824386597,1.020426630973816
12.199999809265137,1.4443024396896362,1.0310524702072144
12.300000190734863,1.4351660013198853,1.041538119316101
12.40000057220459,1.4259597063064575,1.0518836975097656
12.5,1.4166810512542725,1.0620895624160767
12.600000381469727,1.407326579093933,1.0721559524536133
12.699999809265137,1.3978931903839111,1.0820832252502441
12.800000190734863,1.3883776664733887,1.0918716192245483
12.90000057220459,1.378777027130127,1.101521372795105
13.0,1.36908757686615,1.1110326051712036
13.100000381469727,1.359305500984192,1.120405673980713
13.199999809265137,1.3494266271591187,1.1296403408050537
13.300000190734863,1.3394464254379272,1.1387370824813843
13.40000057220459,1.3293602466583252,1.147695779800415
13.5,1.3191627264022827,1.1565163135528564
13.600000381469727,1.308848261833191,1.1651989221572876
13.699999809265137,1.2984119653701782,1.1737432479858398
13.800000190734863,1.2878481149673462,1.1821495294570923
13.90000057220459,1.2771508693695068,1.1904174089431763
14.0,1.2663137912750244,1.1985465288162231
14.100000381469727,1.2553293704986572,1.206536889076233
14.199999809265137,1.244189977645874,1.2143880128860474
14.300000190734863,1.2328871488571167,1.2220995426177979
14.40000057220459,1.2214120626449585,1.2296711206436157
14.5,1.2097549438476562,1.2371021509170532
14.600000381469727,1.1979057788848877,1.2443920373916626
14.699999809265137,1.1858545541763306,1.251540184020996
14.800000190734863,1.1735897064208984,1.2585458755493164
14.90000057220459,1.1610989570617676,1.2654081583023071
15.0,1.14836847782135,1.2721259593963623
15.100000381469727,1.1353830099105835,1.2786983251571655
15.199999809265137,1.1221266984939575,1.2851241827011108
15.300000190734863,1.108581781387329,1.2914022207260132
15.40000057220459,1.0947294235229492,1.297531008720398
15.5,1.0805487632751465,1.3035088777542114
15.600000381469727,1.0660183429718018,1.3093342781066895
15.699999809265137,1.051114797592163,1.3150050640106201
15.800000190734863,1.035810947418213,1.3205194473266602
15.90000057220459,1.0200766324996948,1.3258748054504395
16.0,1.0038793087005615,1.3310686349868774
16.100000381469727,0.9871821403503418,1.3360981941223145
16.200000762939453,0.9699458479881287,1.3409602642059326
16.30000114440918,0.9521278142929077,1.345651626586914
16.399999618530273,0.93367600440979,1.350168228149414
16.5,0.9145393967628479,1.354506492614746
16.600000381469727,0.8946621417999268,1.3586616516113281
16.700000762939453,0.8739777207374573,1.3626288175582886
16.80000114440918,0.8524090051651001,1.366402268409729
16.899999618530273,0.8298693299293518,1.3699756860733032
17.0,0.8062599897384644,1.3733422756195068
17.100000381469727,0.7814732193946838,1.3764941692352295
17.200000762939453,0.7553907632827759,1.3794232606887817
17.30000114440918,0.7278776168823242,1.3821202516555786
17.399999618530273,0.698776364326477,1.3845744132995605
17.5,0.6679086685180664,1.3867740631103516
17.600000381469727,0.6350691318511963,1.3887057304382324
17.700000762939453,0.6000227928161621,1.3903543949127197
17.80000114440918,0.5625039339065552,1.391703486442566
17.899999618530273,0.522206723690033,1.3927338123321533
18.0,0.4787801504135132,1.3934242725372314
18.100000381469727,0.43181949853897095,1.3937499523162842
18.200000762939453,0.38086241483688354,1.3936835527420044
18.30000114440918,0.3253849744796753,1.3931933641433716
18.399999618530273,0.2647944390773773,1.3922441005706787
18.5,0.1984250247478485,1.390795111656189
18.600000381469727,0.12554681301116943,1.3888005018234253
18.700000762939453,0.04537390172481537,1.3862090110778809
18.80000114440918,-0.04289603233337402,1.3829628229141235
18.899999618530273,-0.1400347650051117,1.3789986371994019
19.0,-0.2467067688703537,1.3742473125457764
19.100000381469727,-0.363301157951355,1.3686363697052002
19.200000762939453,-0.4897910952568054,1.3620915412902832
19.30000114440918,-0.6254825592041016,1.3545422554016113
19.399999618530273,-0.7687863707542419,1.3459277153015137
19.5,-0.917065441608429,1.33620285987854
19.600000381469727,-1.0666282176971436,1.325350046157837
19.700000762939453,-1.2129791975021362,1.3133833408355713
19.80000114440918,-1.3513702154159546,1.3003545999526978
19.899999618530273,-1.477522850036621,1.2863517999649048
20.0,-1.5883021354675293,1.2714920043945312
20.100000381469727,-1.6820931434631348,1.2559107542037964
20.200000762939453,-1.7588201761245728,1.239749550819397
20.30000114440918,-1.8196287155151367,1.2231441736221313
20.399999618530273,-1.8664318323135376,1.2062175273895264
20.5,-1.9014617204666138,1.1890736818313599
20.600000381469727,-1.9269288778305054,1.1717995405197144
20.700000762939453,-1.944840431213379,1.1544638872146606
20.80000114440918,-1.9568918943405151,1.1371203660964966
20.899999618530273,-1.9644676446914673,1.1198104619979858
21.0,-1.9686574935913086,1.1025644540786743
21.100000381469727,-1.970306396484375,1.0854055881500244
21.200000762939453,-1.9700555801391602,1.0683510303497314
21.30000114440918,-1.968392014503479,1.0514131784439087
21.399999618530273,-1.9656760692596436,1.0346013307571411
21.5,-1.962181806564331,1.0179214477539062
21.600000381469727,-1.958107590675354,1.0013781785964966
21.700000762939453,-1.9536044597625732,0.9849748015403748
21.80000114440918,-1.9487844705581665,0.9687132835388184
21.899999618530273,-1.943726897239685,0.9525952339172363
22.0,-1.93849515914917,0.9366207718849182
22.100000381469727,-1.9331361055374146,0.9207904934883118
22.200000762939453,-1.927680492401123,0.9051043391227722
22.30000114440918,-1.9221543073654175,0.8895620107650757
22.399999618530273,-1.916579008102417,0.8741634488105774
22.5,-1.9109666347503662,0.8589074611663818
22.600000381469727,-1.9053269624710083,0.8437936305999756
22.700000762939453,-1.8996683359146118,0.8288212418556213
22.80000114440918,-1.893998384475708,0.8139896392822266
22.899999618530273,-1.8883211612701416,0.7992981672286987
23.0,-1.8826384544372559,0.7847453951835632
23.100000381469727,-1.8769526481628418,0.7703307867050171
23.200000762939453,-1.8712667226791382,0.7560534477233887
23.30000114440918,-1.8655833005905151,0.7419126033782959
23.399999618530273,-1.8599028587341309,0.7279075980186462
23.5,-1.8542245626449585,0.7140368819236755
23.600000381469727,-1.8485487699508667,0.7002999186515808
23.700000762939453,-1.8428765535354614,0.6866958141326904
23.80000114440918,-1.837209939956665,0.6732237339019775
23.899999618530273,-1.8315496444702148,0.6598830819129944
24.0,-1.8258939981460571,0.6466723680496216
24.100000381469727,-1.8202425241470337,0.6335910558700562
24.200000762939453,-1.8145952224731445,0.6206381320953369
24.30000114440918,-1.8089529275894165,0.6078128218650818
24.399999618530273,-1.8033168315887451,0.5951146483421326
24.5,-1.7976868152618408,0.5825421810150146
24.600000381469727,-1.7920618057250977,0.5700948238372803
24.700000762939453,-1.7864409685134888,0.5577716827392578
24.80000114440918,-1.7808243036270142,0.5455719232559204
24.899999618530273,-1.7752125263214111,0.5334949493408203
25.0,-1.769606351852417,0.521539568901062
25.100000381469727,-1.7640063762664795,0.5097052454948425
25.200000762939453,-1.758411169052124,0.49799102544784546
25.30000114440918,-1.7528201341629028,0.48639610409736633
25.399999618530273,-1.7472330331802368,0.4749198853969574
25.5,-1.7416499853134155,0.46356114745140076
25.600000381469727,-1.7360717058181763,0.4523194432258606
25.700000762939453,-1.730499267578125,0.44119393825531006
25.80000114440918,-1.7249315977096558,0.43018388748168945
25.899999618530273,-1.7193681001663208,0.41928863525390625
26.0,-1.7138079404830933,0.40850701928138733
26.100000381469727,-1.7082512378692627,0.39783844351768494
26.200000762939453,-1.7026984691619873,0.38728225231170654
26.30000114440918,-1.6971503496170044,0.37683770060539246
26.399999618530273,-1.6916074752807617,0.3665042221546173
26.5,-1.6860684156417847,0.35628068447113037
26.600000381469727,-1.680532455444336,0.3461665213108063
26.700000762939453,-1.6749991178512573,0.33616095781326294
26.80000114440918,-1.669468641281128,0.32626327872276306
26.899999618530273,-1.6639418601989746,0.31647300720214844
27.0,-1.6584193706512451,0.3067891597747803
27.100000381469727,-1.65290105342865,0.2972111403942108
27.200000762939453,-1.647385835647583,0.28773820400238037
27.30000114440918,-1.6418732404708862,0.2783696949481964
27.399999618530273,-1.6363630294799805,0.2691050171852112
27.5,-1.6308550834655762,0.2599431574344635
27.600000381469727,-1.6253498792648315,0.25088366866111755
27.700000762939453,-1.6198481321334839,0.241925910115242
27.80000114440918,-1.614349603652954,0.23306919634342194
27.899999618530273,-1.6088535785675049,0.22431300580501556
28.0,-1.6033594608306885,0.21565629541873932
28.100000381469727,-1.5978667736053467,0.2070986032485962
28.200000762939453,-1.5923758745193481,0.19863924384117126
28.30000114440918,-1.5868866443634033,0.19027762115001678
28.399999618530273,-1.5813997983932495,0.18201333284378052
28.5,-1.5759154558181763,0.1738453507423401
28.600000381469727,-1.5704329013824463,0.16577325761318207
28.700000762939453,-1.5649516582489014,0.15779635310173035
28.80000114440918,-1.5594711303710938,0.14991404116153717
28.899999618530273,-1.5539915561676025,0.14212580025196075
29.0,-1.5485124588012695,0.13443076610565186
29.100000381469727,-1.543034315109253,0.12682849168777466
29.200000762939453,-1.5375574827194214,0.11931847780942917
29.30000114440918,-1.532081961631775,0.11190007627010345
29.399999618530273,-1.5266071557998657,0.10457281023263931
29.5,-1.521132230758667,0.0973358005285263
29.600000381469727,-1.5156571865081787,0.09018860757350922
29.700000762939453,-1.5101816654205322,0.08313062787055969
29.80000114440918,-1.5047056674957275,0.07616131007671356
29.899999618530273,-1.4992295503616333,0.0692802220582962
30.0,-1.4937533140182495,0.0624866709113121
30.100000381469727,-1.4882768392562866,0.05578014999628067
30.200000762939453,-1.4827995300292969,0.04916009306907654
30.30000114440918,-1.4773212671279907,0.04262595251202583
30.399999618530273,-1.47184157371521,0.03617728501558304
30.5,-1.466360092163086,0.029813338071107864
30.600000381469727,-1.4608768224716187,0.023533649742603302
30.700000762939453,-1.4553916454315186,0.017337780445814133
30.80000114440918,-1.4499045610427856,0.01122519001364708
30.899999618530273,-1.444415807723999,0.0051954882219433784
31.0,-1.4389245510101318,-0.0007520364597439766
31.100000381469727,-1.4334306716918945,-0.006617813371121883
31.200000762939453,-1.427933931350708,-0.012402350082993507
31.30000114440918,-1.4224339723587036,-0.018106156960129738
31.399999618530273,-1.4169305562973022,-0.023729626089334488
31.5,-1.4114233255386353,-0.029273446649312973
31.600000381469727,-1.405912160873413,-0.03473799303174019
31.700000762939453,-1.4003969430923462,-0.04012367129325867
31.80000114440918,-1.3948774337768555,-0.045430995523929596
31.899999618530273,-1.3893535137176514,-0.05066028609871864
32.0,-1.3838245868682861,-0.05581222474575043
32.10000228881836,-1.3782904148101807,-0.06088728830218315
32.20000076293945,-1.3727508783340454,-0.06588564813137054
32.29999923706055,-1.3672055006027222,-0.07080793380737305
32.400001525878906,-1.3616536855697632,-0.0756547600030899
32.5,-1.356095552444458,-0.08042621612548828
32.60000228881836,-1.3505303859710693,-0.08512308448553085
32.70000076293945,-1.3449583053588867,-0.08974536508321762
32.79999923706055,-1.339378833770752,-0.09429370611906052
32.900001525878906,-1.3337911367416382,-0.09876863658428192
33.0,-1.328195333480835,-0.1031702533364296
33.10000228881836,-1.322590708732605,-0.10749928653240204
33.20000076293945,-1.3169773817062378,-0.11175581812858582
33.29999923706055,-1.3113545179367065,-0.1159404069185257
33.400001525878906,-1.3057218790054321,-0.12005358934402466
33.5,-1.300079107284546,-0.12409543246030807
33.60000228881836,-1.294425368309021,-0.12806661427021027
33.70000076293945,-1.2887606620788574,-0.1319672018289566
33.79999923706055,-1.2830841541290283,-0.1357976496219635
33.900001525878906,-1.2773950099945068,-0.13955852389335632
34.0,-1.271693229675293,-0.14324980974197388
34.10000228881836,-1.2659775018692017,-0.1468721628189087
34.20000076293945,-1.260247826576233,-0.15042562782764435
34.29999923706055,-1.2545037269592285,-0.15391068160533905
34.400001525878906,-1.2487443685531616,-0.1573277711868286
34.5,-1.2429697513580322,-0.16067694127559662
34.60000228881836,-1.2371786832809448,-0.16395875811576843
34.70000076293945,-1.2313709259033203,-0.16717326641082764
34.79999923706055,-1.2255456447601318,-0.17032088339328766
34.900001525878906,-1.2197017669677734,-0.17340201139450073
35.0,-1.213838815689087,-0.17641668021678925
35.10000228881836,-1.2079554796218872,-0.1793653815984726
35.20000076293945,-1.2020512819290161,-0.18224814534187317
35.29999923706055,-1.1961246728897095,-0.1850654035806656
35.400001525878906,-1.19017493724823,-0.18781743943691254
35.5,-1.1842015981674194,-0.1905042827129364
35.60000228881836,-1.1782033443450928,-0.1931263655424118
35.70000076293945,-1.1721798181533813,-0.19568367302417755
35.79999923706055,-1.1661297082901,-0.1981765478849411
35.900001525878906,-1.160051703453064,-0.20060521364212036
36.0,-1.1539450883865356,-0.2029697299003601
36.10000228881836,-1.1478080749511719,-0.20527039468288422
36.20000076293945,-1.1416399478912354,-0.20750723779201508
36.29999923706055,-1.1354390382766724,-0.2096804678440094
36.400001525878906,-1.12920343875885,-0.2117903232574463
36.5,-1.1229320764541626,-0.21383678913116455
36.60000228881836,-1.116622805595398,-0.21582014858722687
36.70000076293945,-1.1102746725082397,-0.21774032711982727
36.79999923706055,-1.1038857698440552,-0.2195974886417389
36.900001525878906,-1.0974540710449219,-0.22139175236225128
37.0,-1.0909783840179443,-0.22312305867671967
37.10000228881836,-1.084456205368042,-0.2247915416955948
37.20000076293945,-1.0778858661651611,-0.22639711201190948
37.29999923706055,-1.0712649822235107,-0.22793982923030853
37.400001525878906,-1.0645909309387207,-0.2294197380542755
37.5,-1.0578616857528687,-0.2308366745710373
37.60000228881836,-1.0510740280151367,-0.23219072818756104
37.70000076293945,-1.0442256927490234,-0.23348170518875122
37.79999923706055,-1.0373135805130005,-0.23470959067344666
37.900001525878906,-1.030334234237671,-0.23587433993816376
38.0,-1.023284673690796,-0.23697569966316223
38.10000228881836,-1.0161612033843994,-0.23801356554031372
38.20000076293945,-1.0089608430862427,-0.23898768424987793
38.29999923706055,-1.001679539680481,-0.23989786207675934
38.400001525878906,-0.9943127036094666,-0.24074387550354004
38.5,-0.9868565201759338,-0.24152536690235138
38.60000228881836,-0.979305624961853,-0.24224203824996948
38.70000076293945,-0.9716553688049316,-0.24289347231388092
38.79999923706055,-0.9639000296592712,-0.24347931146621704
38.900001525878906,-0.9560335278511047,-0.24399912357330322
39.0,-0.9480502009391785,-0.24445238709449768
39.10000228881836,-0.9399430751800537,-0.2448386251926422
39.20000076293945,-0.9317059516906738,-0.24515725672245026
39.29999923706055,-0.9233300089836121,-0.2454075962305069
39.400001525878906,-0.914807140827179,-0.2455889731645584
39.5,-0.9061298966407776,-0.2457006424665451
39.60000228881836,-0.8972886800765991,-0.2457418143749237
39.70000076293945,-0.888274073600769,-0.24571159482002258
39.79999923706055,-0.8790745139122009,-0.24560897052288055
39.900001525878906,-0.8696774840354919,-0.24543285369873047
40.0,-0.8600704669952393,-0.245182067155838
40.10000228881836,-0.8502383232116699,-0.24485529959201813
40.20000076293945,-0.8401665091514587,-0.24445120990276337
40.29999923706055,-0.8298381567001343,-0.24396830797195435
40.400001525878906,-0.8192353844642639,-0.24340501427650452
40.5,-0.8083404898643494,-0.24275970458984375
40.60000228881836,-0.7971296906471252,-0.2420303225517273
40.70000076293945,-0.7855809926986694,-0.24121487140655518
40.79999923706055,-0.7736703753471375,-0.24031119048595428
40.900001525878906,-0.7613698840141296,-0.23931682109832764
41.0,-0.7486494779586792,-0.2382291704416275
41.10000228881836,-0.7354735136032104,-0.23704518377780914
41.20000076293945,-0.7218044400215149,-0.23576171696186066
41.29999923706055,-0.7075996994972229,-0.2343752235174179
41.400001525878906,-0.6928129196166992,-0.2328818440437317
41.5,-0.6773956418037415,-0.23127764463424683
41.60000228881836,-0.6612920761108398,-0.2295580506324768
41.70000076293945,-0.6444391012191772,-0.22771812975406647
41.79999923706055,-0.6267685890197754,-0.22575241327285767
41.900001525878906,-0.6082017421722412,-0.22365477681159973
42.0,-0.5886514186859131,-0.22141867876052856
42.10000228881836,-0.5680169463157654,-0.21903648972511292
42.20000076293945,-0.5461897850036621,-0.21650031208992004
42.29999923706055,-0.5230472087860107,-0.21380113065242767
42.400001525878906,-0.4984482526779175,-0.210928812623024
42.5,-0.47223934531211853,-0.20787253975868225
42.60000228881836,-0.44423961639404297,-0.2046196162700653
42.70000076293945,-0.4142487049102783,-0.2011563926935196
42.79999923706055,-0.38203904032707214,-0.1974674016237259
42.900001525878906,-0.34735339879989624,-0.19353525340557098
43.0,-0.30990585684776306,-0.1893409937620163
43.10000228881836,-0.2693674862384796,-0.18486258387565613
43.20000076293945,-0.2253757119178772,-0.18007604777812958
43.29999923706055,-0.17752353847026825,-0.1749541461467743
43.400001525878906,-0.12535962462425232,-0.16946625709533691
43.5,-0.06840120255947113,-0.1635787934064865
43.60000228881836,-0.00612493883818388,-0.15725356340408325
43.70000076293945,0.062004007399082184,-0.15044933557510376
43.79999923706055,0.136522114276886,-0.14312002062797546
43.900001525878906,0.21791358292102814,-0.1352158486843109
44.0,0.306559294462204,-0.12668465077877045
44.10000228881836,0.40267300605773926,-0.11747071892023087
44.20000076293945,0.506149172782898,-0.10752008110284805
44.29999923706055,0.6165132522583008,-0.09677980840206146
44.400001525878906,0.7327519655227661,-0.08520293980836868
44.5,0.8532249927520752,-0.07275554537773132
44.60000228881836,0.9756854176521301,-0.059416599571704865
44.70000076293945,1.0973212718963623,-0.04518803954124451
44.79999923706055,1.2150448560714722,-0.030093779787421227
44.900001525878906,1.3257861137390137,-0.014182418584823608
45.0,1.4269068241119385,0.0024730805307626724
45.10000228881836,1.5165014266967773,0.019784312695264816
45.20000076293945,1.5935661792755127,0.03764931485056877
45.29999923706055,1.65799880027771,0.05596419796347618
45.400001525878906,1.710433006286621,0.0746283084154129
45.5,1.7519978284835815,0.09354644268751144
45.60000228881836,1.7840962409973145,0.11263739317655563
45.70000076293945,1.8081902265548706,0.13182882964611053
45.79999923706055,1.8256820440292358,0.1510627418756485
45.900001525878906,1.8378225564956665,0.17029204964637756
46.0,1.845687985420227,0.18947701156139374
46.10000228881836,1.8501697778701782,0.20858904719352722
46.20000076293945,1.8519960641860962,0.22760307788848877
46.29999923706055,1.8517440557479858,0.24650180339813232
46.400001525878906,1.849875569343567,0.2652718722820282
46.5,1.8467475175857544,0.2839013934135437
46.60000228881836,1.8426400423049927,0.30238375067710876
46.70000076293945,1.8377718925476074,0.32071155309677124
46.79999923706055,1.832308292388916,0.33888116478919983
46.900001525878906,1.8263804912567139,0.3568900525569916
47.0,1.8200898170471191,0.3747345507144928
47.10000228881836,1.8135106563568115,0.39241456985473633
47.20000076293945,1.8067044019699097,0.40992772579193115
47.29999923706055,1.7997184991836548,0.42727407813072205
47.400001525878906,1.7925869226455688,0.444454163312912
47.5,1.7853370904922485,0.46146661043167114
47.60000228881836,1.7779908180236816,0.47831299901008606
47.70000076293945,1.7705659866333008,0.49499231576919556
47.79999923706055,1.7630739212036133,0.5115057826042175
47.900001525878906,1.7555233240127563,0.5278545618057251
48.0,1.7479231357574463,0.5440379977226257
48.10000228881836,1.7402797937393188,0.5600579977035522
48.20000076293945,1.7325983047485352,0.5759140849113464
48.29999923706055,1.7248804569244385,0.5916075706481934
48.400001525878906,1.717128038406372,0.6071399450302124
48.5,1.7093440294265747,0.6225106716156006
48.60000228881836,1.7015299797058105,0.6377217173576355
48.70000076293945,1.6936876773834229,0.6527726650238037
48.79999923706055,1.6858164072036743,0.6676649451255798
48.900001525878906,1.6779154539108276,0.6823999285697937
49.0,1.6699856519699097,0.6969772577285767
49.10000228881836,1.662026286125183,0.7113988399505615
49.20000076293945,1.6540387868881226,0.7256641983985901
49.29999923706055,1.6460222005844116,0.739774763584137
49.400001525878906,1.6379748582839966,0.7537317276000977
49.5,1.6298965215682983,0.7675348520278931
49.60000228881836,1.6217855215072632,0.7811859846115112
49.70000076293945,1.6136418581008911,0.7946847081184387
49.79999923706055,1.6054649353027344,0.8080321550369263
49.900001525878906,1.597253680229187,0.8212296366691589
50.0,1.5890071392059326,0.8342767357826233
50.10000228881836,1.5807232856750488,0.8471752405166626
50.20000076293945,1.5724014043807983,0.8599247336387634
50.29999923706055,1.564039945602417,0.8725264668464661
50.400001525878906,1.5556373596191406,0.8849814534187317
50.5,1.5471934080123901,0.8972892761230469
50.60000228881836,1.5387057065963745,0.9094514846801758
50.70000076293945,1.530173420906067,0.9214677810668945
50.79999923706055,1.5215942859649658,0.9333391785621643
50.900001525878906,1.5129661560058594,0.9450667500495911
51.0,1.5042880773544312,0.9566501379013062
51.10000228881836,1.495557427406311,0.9680906534194946
51.20000076293945,1.4867733716964722,0.9793878793716431
51.29999923706055,1.477933645248413,0.9905426502227783
51.400001525878906,1.4690356254577637,1.0015559196472168
51.5,1.4600775241851807,1.0124274492263794
51.60000228881836,1.4510562419891357,1.023158311843872
51.70000076293945,1.4419701099395752,1.0337481498718262
51.79999923706055,1.4328161478042603,1.0441977977752686
51.900001525878906,1.4235913753509521,1.0545077323913574
52.0,1.4142935276031494,1.0646777153015137
52.10000228881836,1.404919147491455,1.0747088193893433
52.20000076293945,1.39546537399292,1.0846004486083984
52.29999923706055,1.3859288692474365,1.0943530797958374
52.400001525878906,1.3763059377670288,1.1039676666259766
52.5,1.366593599319458,1.113443374633789
52.60000228881836,1.356787085533142,1.1227811574935913
52.70000076293945,1.346882939338684,1.131980538368225
52.79999923706055,1.3368761539459229,1.1410417556762695
52.900001525878906,1.3267614841461182,1.1499652862548828
53.0,1.316534399986267,1.1587504148483276
53.10000228881836,1.3061890602111816,1.1673978567123413
53.20000076293945,1.2957209348678589,1.175906777381897
53.29999923706055,1.2851240634918213,1.1842775344848633
53.400001525878906,1.274391770362854,1.1925100088119507
53.5,1.26351797580719,1.2006036043167114
53.60000228881836,1.25249445438385,1.2085585594177246
53.70000076293945,1.241314172744751,1.2163738012313843
53.79999923706055,1.2299680709838867,1.2240495681762695
53.900001525878906,1.2184466123580933,1.2315853834152222
54.0,1.2067410945892334,1.2389802932739258
54.10000228881836,1.1948410272598267,1.2462341785430908
54.20000076293945,1.1827367544174194,1.2533458471298218
54.29999923706055,1.170415997505188,1.2603148221969604
54.400001525878906,1.157865285873413,1.26714026927948
54.5,1.1450713872909546,1.2738209962844849
54.60000228881836,1.132017970085144,1.2803561687469482
54.70000076293945,1.1186896562576294,1.286744236946106
54.79999923706055,1.1050682067871094,1.2929840087890625
54.900001525878906,1.0911328792572021,1.2990745306015015
55.0,1.0768650770187378,1.3050135374069214
55.10000228881836,1.062241792678833,1.3107997179031372
55.20000076293945,1.0472391843795776,1.316430687904358
55.29999923706055,1.0318286418914795,1.3219044208526611
55.400001525878906,1.0159789323806763,1.3272188901901245
55.5,0.9996572732925415,1.3323708772659302
55.60000228881836,0.9828255772590637,1.3373578786849976
55.70000076293945,0.9654450416564941,1.3421766757965088
55.79999923706055,0.9474692940711975,1.3468235731124878
55.900001525878906,0.9288462996482849,1.3512951135635376
56.0,0.9095273613929749,1.3555868864059448
56.10000228881836,0.889451265335083,1.3596946001052856
56.20000076293945,0.8685495257377625,1.3636127710342407
56.29999923706055,0.8467414379119873,1.3673356771469116
56.400001525878906,0.8239363431930542,1.3708568811416626
56.5,0.8000359535217285,1.374169111251831
56.60000228881836,0.7749287486076355,1.3772649765014648
56.70000076293945,0.7484955191612244,1.3801355361938477
56.79999923706055,0.7205918431282043,1.3827714920043945
56.900001525878906,0.6910562515258789,1.3851617574691772
57.0,0.6597056984901428,1.3872941732406616
57.10000228881836,0.6263242959976196,1.3891549110412598
57.20000076293945,0.5906730890274048,1.3907285928726196
57.29999923706055,0.5524744391441345,1.391998052597046
57.400001525878906,0.511411190032959,1.3929437398910522
57.5,0.46712252497673035,1.3935432434082031
57.60000228881836,0.4191848635673523,1.3937714099884033
57.70000076293945,0.3671252429485321,1.3935997486114502
57.79999923706055,0.3104001581668854,1.392995834350586
57.900001525878906,0.24839544296264648,1.3919227123260498
58.0,0.180434450507164,1.3903387784957886
58.10000228881836,0.10576535761356354,1.388196587562561
58.20000076293945,0.023598745465278625,1.3854433298110962
58.29999923706055,-0.06686697900295258,1.3820198774337769
58.400001525878906,-0.1663922667503357,1.3778610229492188
58.5,-0.27557653188705444,1.3728969097137451
58.60000228881836,-0.39472824335098267,1.3670538663864136
58.70000076293945,-0.5236691832542419,1.3602588176727295
58.79999923706055,-0.6614936590194702,1.3524425029754639
58.900001525878906,-0.8063730597496033,1.343546986579895
59.0,-0.955364465713501,1.3335343599319458
59.10000228881836,-1.1045607328414917,1.322393536567688
59.20000076293945,-1.249316692352295,1.3101489543914795
59.29999923706055,-1.3849493265151978,1.2968615293502808
59.400001525878906,-1.5074150562286377,1.2826271057128906
59.5,-1.613936185836792,1.2675695419311523
59.60000228881836,-1.7033172845840454,1.2518264055252075
59.70000076293945,-1.7758207321166992,1.2355393171310425
59.79999923706055,-1.832846760749817,1.2188410758972168
59.900001525878906,-1.8764222860336304,1.2018489837646484
60.0,-1.9088010787963867,1.1846647262573242
60.10000228881836,-1.9321571588516235,1.1673686504364014
60.20000076293945,-1.9484198093414307,1.150026798248291
60.29999923706055,-1.9592077732086182,1.1326886415481567
60.400001525878906,-1.9658236503601074,1.1153918504714966
60.5,-1.9692929983139038,1.0981664657592773
60.60000228881836,-1.9704010486602783,1.081032633781433
60.70000076293945,-1.969749093055725,1.06400728225708
60.79999923706055,-1.967785358428955,1.0471011400222778
60.900001525878906,-1.9648476839065552,1.0303219556808472
61.0,-1.9611884355545044,1.0136770009994507
61.10000228881836,-1.9569913148880005,0.9971688985824585
61.20000076293945,-1.9523981809616089,0.9808019399642944
61.29999923706055,-1.9475103616714478,0.9645772576332092
61.400001525878906,-1.9424034357070923,0.9484953284263611
61.5,-1.9371360540390015,0.9325580596923828
61.60000228881836,-1.9317492246627808,0.9167643785476685
61.70000076293945,-1.9262731075286865,0.9011152982711792
61.79999923706055,-1.9207327365875244,0.8856099843978882
61.900001525878906,-1.9151467084884644,0.870247483253479
62.0,-1.9095265865325928,0.8550282120704651
62.10000228881836,-1.9038809537887573,0.8399503231048584
62.20000076293945,-1.898219108581543,0.8250142931938171
62.29999923706055,-1.8925472497940063,0.8102188110351562
62.400001525878906,-1.8868681192398071,0.7955623865127563
62.5,-1.8811843395233154,0.7810453772544861
62.60000228881836,-1.8754981756210327,0.7666656374931335
62.70000076293945,-1.8698129653930664,0.7524235844612122
62.79999923706055,-1.8641304969787598,0.7383177876472473
62.900001525878906,-1.858450174331665,0.7243466973304749
63.0,-1.8527723550796509,0.7105106115341187
63.10000228881836,-1.8470972776412964,0.6968074440956116
63.20000076293945,-1.8414266109466553,0.6832373738288879
63.29999923706055,-1.8357622623443604,0.669799268245697
63.400001525878906,-1.8301032781600952,0.6564914584159851
63.5,-1.8244487047195435,0.6433142423629761
63.60000228881836,-1.8187977075576782,0.6302655339241028
63.70000076293945,-1.813151240348816,0.6173456311225891
63.79999923706055,-1.807510256767273,0.6045531630516052
63.900001525878906,-1.8018759489059448,0.5918868184089661
64.0,-1.7962476015090942,0.5793467164039612
64.0999984741211,-1.7906237840652466,0.566931426525116
64.20000457763672,-1.7850033044815063,0.5546391606330872
64.30000305175781,-1.7793874740600586,0.5424710512161255
64.4000015258789,-1.7737770080566406,0.5304253697395325
64.5,-1.7681729793548584,0.5185012221336365
64.5999984741211,-1.7625746726989746,0.5066978931427002
64.70000457763672,-1.756980299949646,0.49501359462738037
64.80000305175781,-1.751389980316162,0.4834492802619934
64.9000015258789,-1.7458035945892334,0.4720032513141632
65.0,-1.740221619606018,0.4606747627258301
65.0999984741211,-1.7346454858779907,0.4494630992412567
65.20000457763672,-1.7290743589401245,0.4383665919303894
65.30000305175781,-1.7235080003738403,0.42738616466522217
65.4000015258789,-1.7179452180862427,0.41652005910873413
65.5,-1.712385654449463,0.40576761960983276
65.5999984741211,-1.7068297863006592,0.3951280415058136
65.70000457763672,-1.7012779712677002,0.38459986448287964
65.80000305175781,-1.6957318782806396,0.3741839826107025
65.9000015258789,-1.690190076828003,0.3638787865638733
66.0,-1.6846517324447632,0.3536834716796875
66.0999984741211,-1.6791163682937622,0.34359729290008545
66.20000457763672,-1.6735833883285522,0.33361881971359253
66.30000305175781,-1.668054223060608,0.3237488567829132
66.4000015258789,-1.6625291109085083,0.3139859735965729
66.5,-1.657008409500122,0.30432945489883423
66.5999984741211,-1.6514911651611328,0.2947785556316376
66.70000457763672,-1.645976185798645,0.2853318750858307
66.80000305175781,-1.6404638290405273,0.2759900689125061
66.9000015258789,-1.6349536180496216,0.266751766204834
67.0,-1.6294461488723755,0.2576163113117218
67.0999984741211,-1.6239420175552368,0.2485830932855606
67.20000457763672,-1.6184412240982056,0.23965074121952057
67.30000305175781,-1.612943410873413,0.2308199256658554
67.4000015258789,-1.607447862625122,0.2220892757177353
67.5,-1.6019539833068848,0.2134581208229065
67.5999984741211,-1.5964618921279907,0.2049257904291153
67.70000457763672,-1.5909711122512817,0.1964910328388214
67.80000305175781,-1.5854829549789429,0.18815448880195618
67.9000015258789,-1.579997181892395,0.17991496622562408
68.0,-1.5745136737823486,0.17177176475524902
68.0999984741211,-1.5690314769744873,0.16372422873973846
68.20000457763672,-1.5635498762130737,0.15577109158039093
68.30000305175781,-1.5580694675445557,0.14791297912597656
68.4000015258789,-1.552589774131775,0.14014866948127747
68.5,-1.547110915184021,0.1324775516986847
68.5999984741211,-1.5416334867477417,0.12489912658929825
68.70000457763672,-1.5361570119857788,0.11741218715906143
68.80000305175781,-1.530681848526001,0.11001726984977722
68.9000015258789,-1.5252069234848022,0.10271318256855011
69.0,-1.519731879234314,0.09549933671951294
69.0999984741211,-1.5142567157745361,0.08837509155273438
69.20000457763672,-1.508780837059021,0.08133942633867264
69.30000305175781,-1.5033049583435059,0.07439282536506653
69.4000015258789,-1.4978290796279907,0.06753424555063248
69.5,-1.4923532009124756,0.06076313927769661
69.5999984741211,-1.4868767261505127,0.054078925400972366
69.70000457763672,-1.4813989400863647,0.047480516135692596
69.80000305175781,-1.4759202003479004,0.040968380868434906
69.9000015258789,-1.4704399108886719,0.03454144299030304
70.0,-1.4649579524993896,0.028199195861816406
70.0999984741211,-1.4594740867614746,0.021941110491752625
70.20000457763672,-1.4539880752563477,0.015766210854053497
70.30000305175781,-1.4485007524490356,0.009674987755715847
70.4000015258789,-1.4430115222930908,0.0036664092913269997
70.5,-1.4375197887420654,-0.002260039560496807
70.5999984741211,-1.43202543258667,-0.008104884997010231
70.70000457763672,-1.426527500152588,-0.013869058340787888
70.80000305175781,-1.421026587486267,-0.019552208483219147
70.9000015258789,-1.4155220985412598,-0.025155246257781982
71.0,-1.4100137948989868,-0.030678637325763702
71.0999984741211,-1.4045016765594482,-0.03612285852432251
71.20000457763672,-1.3989851474761963,-0.04148876294493675
71.30000305175781,-1.3934646844863892,-0.04677598178386688
71.4000015258789,-1.387939691543579,-0.051985401660203934
71.5,-1.3824095726013184,-0.0571175143122673
71.5999984741211,-1.3768742084503174,-0.0621727854013443
71.70000457763672,-1.3713327646255493,-0.06715203821659088
71.80000305175781,-1.3657857179641724,-0.07205493748188019
71.9000015258789,-1.3602324724197388,-0.07688232511281967
72.0,-1.3546726703643799,-0.08163464069366455
72.0999984741211,-1.349105954170227,-0.08631223440170288
72.20000457763672,-1.343531608581543,-0.09091591835021973
72.30000305175781,-1.3379501104354858,-0.09544537216424942
72.4000015258789,-1.3323605060577393,-0.09990137070417404
72.5,-1.3267626762390137,-0.10428433865308762
72.5999984741211,-1.3211560249328613,-0.10859467089176178
72.70000457763672,-1.3155399560928345,-0.11283309757709503
72.80000305175781,-1.3099148273468018,-0.11699935048818588
72.9000015258789,-1.3042796850204468,-0.12109415233135223
73.0,-1.2986342906951904,-0.12511786818504333
73.0999984741211,-1.2929779291152954,-0.12907084822654724
73.20000457763672,-1.2873097658157349,-0.13295376300811768
73.30000305175781,-1.281630039215088,-0.13676634430885315
73.4000015258789,-1.275937557220459,-0.140509232878685
73.5,-1.27023184299469,-0.14418281614780426
73.5999984741211,-1.264512300491333,-0.147787407040596
73.70000457763672,-1.2587783336639404,-0.1513236165046692
73.80000305175781,-1.2530301809310913,-0.1547912210226059
73.9000015258789,-1.2472671270370483,-0.15819081664085388
74.0,-1.2414884567260742,-0.16152268648147583
74.0999984741211,-1.2356935739517212,-0.1647871732711792
74.20000457763672,-1.2298814058303833,-0.1679847687482834
74.30000305175781,-1.2240519523620605,-0.17111530900001526
74.4000015258789,-1.2182039022445679,-0.1741793155670166
74.5,-1.212336540222168,-0.17717702686786652
74.5999984741211,-1.2064485549926758,-0.18010875582695007
74.70000457763672,-1.2005386352539062,-0.1829749494791031
74.80000305175781,-1.1946064233779907,-0.1857755035161972
74.9000015258789,-1.1886510848999023,-0.18851076066493988
75.0,-1.1826715469360352,-0.1911809891462326
75.0999984741211,-1.1766672134399414,-0.1937864124774933
75.20000457763672,-1.170636534690857,-0.19632741808891296
75.30000305175781,-1.1645795106887817,-0.1988038271665573
75.4000015258789,-1.1584943532943726,-0.20121602714061737
75.5,-1.1523799896240234,-0.20356416702270508
75.5999984741211,-1.1462352275848389,-0.20584845542907715
75.70000457763672,-1.140058159828186,-0.20806920528411865
75.80000305175781,-1.1338483095169067,-0.21022619307041168
75.9000015258789,-1.127603530883789,-0.21231982111930847
76.0,-1.121322512626648,-0.2143501341342926
76.0999984741211,-1.1150035858154297,-0.21631726622581482
76.20000457763672,-1.1086446046829224,-0.21822145581245422
76.30000305175781,-1.1022450923919678,-0.2200625091791153
76.4000015258789,-1.095802664756775,-0.22184060513973236
76.5,-1.089315414428711,-0.2235558032989502
76.5999984741211,-1.0827813148498535,-0.22520814836025238
76.70000457763672,-1.076197862625122,-0.22679774463176727
76.80000305175781,-1.069563627243042,-0.22832438349723816
76.9000015258789,-1.062875747680664,-0.229788139462471
77.0,-1.0561317205429077,-0.23118899762630463
77.0999984741211,-1.0493288040161133,-0.23252691328525543
77.20000457763672,-1.042463779449463,-0.23380190134048462
77.30000305175781,-1.0355346202850342,-0.2350136786699295
77.4000015258789,-1.028537631034851,-0.2361622005701065
77.5,-1.0214697122573853,-0.23724733293056488
77.5999984741211,-1.0143274068832397,-0.2382689118385315
77.70000457763672,-1.0071063041687012,-0.23922677338123322
77.80000305175781,-0.9998037815093994,-0.2401205450296402
77.9000015258789,-0.9924148321151733,-0.24095003306865692
78.0,-0.9849348664283752,-0.24171492457389832
78.0999984741211,-0.9773589968681335,-0.24241487681865692
78.20000457763672,-0.969681441783905,-0.24304959177970886
78.30000305175781,-0.9618980884552002,-0.24361854791641235
78.4000015258789,-0.9540024399757385,-0.24412137269973755
78.5,-0.9459881782531738,-0.24455758929252625
78.5999984741211,-0.9378481507301331,-0.2449266016483307
78.70000457763672,-0.9295752048492432,-0.2452278435230255
78.80000305175781,-0.9211632013320923,-0.24546067416667938
78.9000015258789,-0.9126033782958984,-0.2456243932247162
79.0,-0.9038867354393005,-0.24571819603443146
79.0999984741211,-0.8950033783912659,-0.24574124813079834
79.20000457763672,-0.8859420418739319,-0.24569258093833923
79.30000305175781,-0.876692533493042,-0.24557119607925415
79.4000015258789,-0.8672419786453247,-0.24537597596645355
79.5,-0.8575770854949951,-0.24510574340820312
79.5999984741211,-0.8476840257644653,-0.24475924670696259
79.70000457763672,-0.8375470638275146,-0.2443351298570633
79.80000305175781,-0.8271492123603821,-0.2438318133354187
79.9000015258789,-0.816471517086029,-0.2432476431131363
80.0,-0.8054964542388916,-0.24258096516132355
80.0999984741211,-0.7942031621932983,-0.24182988703250885
80.20000457763672,-0.7825670838356018,-0.24099226295948029
80.30000305175781,-0.7705634832382202,-0.24006585776805878
80.4000015258789,-0.7581616044044495,-0.2390480637550354
80.5,-0.7453289031982422,-0.2379360795021057
80.5999984741211,-0.7320296764373779,-0.23672688007354736
80.70000457763672,-0.718224048614502,-0.23541709780693054
80.80000305175781,-0.7038726806640625,-0.2340034693479538
80.9000015258789,-0.6889294981956482,-0.2324821650981903
81.0,-0.673342764377594,-0.23084895312786102
81.0999984741211,-0.6570538878440857,-0.2290991246700287
81.20000457763672,-0.6399988532066345,-0.22722749412059784
81.30000305175781,-0.6221081614494324,-0.2252286970615387
81.4000015258789,-0.6032988429069519,-0.2230963408946991
81.5,-0.5834800601005554,-0.22082355618476868
81.5999984741211,-0.5625511407852173,-0.21840280294418335
81.70000457763672,-0.5403982400894165,-0.2158256471157074
81.80000305175781,-0.5168970823287964,-0.2130831927061081
81.9000015258789,-0.49190402030944824,-0.21016506850719452
82.0,-0.46525561809539795,-0.20705977082252502
82.0999984741211,-0.43676674365997314,-0.2037544548511505
82.20000457763672,-0.40622806549072266,-0.20023472607135773
82.30000305175781,-0.3734108805656433,-0.19648528099060059
82.4000015258789,-0.3380489647388458,-0.1924881488084793
82.5,-0.2998441159725189,-0.18822342157363892
82.5999984741211,-0.25845956802368164,-0.18366870284080505
82.70000457763672,-0.21351709961891174,-0.17879872024059296
82.80000305175781,-0.1646062284708023,-0.17358626425266266
82.9000015258789,-0.11126505583524704,-0.16799969971179962
83.0,-0.05299803614616394,-0.1620040386915207
83.0999984741211,0.01072172075510025,-0.15556061267852783
83.20000457763672,0.0804423987865448,-0.14862602949142456
83.30000305175781,0.15667331218719482,-0.14115458726882935
83.4000015258789,0.23988637328147888,-0.1330953985452652
83.5,0.33043551445007324,-0.12439482659101486
83.5999984741211,0.4284488260746002,-0.11499795317649841
83.70000457763672,0.5337609648704529,-0.10484939068555832
83.80000305175781,0.6457483768463135,-0.09389911592006683
83.9000015258789,0.7632468342781067,-0.08210274577140808
84.0,0.8844676613807678,-0.06942855566740036
84.0999984741211,1.0069941282272339,-0.05586141347885132
84.20000457763672,1.1279411315917969,-0.0414070226252079
84.30000305175781,1.2441575527191162,-0.026098141446709633
84.4000015258789,1.352661371231079,-0.009989254176616669
84.5,1.4509787559509277,0.006842984817922115
84.5999984741211,1.5374246835708618,0.024305159226059914
84.70000457763672,1.611240267753601,0.042296577244997025
84.80000305175781,1.6725190877914429,0.06071002036333084
84.9000015258789,1.722047209739685,0.07944714277982712
85.0,1.7610523700714111,0.09841666370630264
85.0999984741211,1.79096257686615,0.11753910779953003
85.20000457763672,1.8132420778274536,0.13674795627593994
85.30000305175781,1.8292514085769653,0.15598469972610474
85.4000015258789,1.8402032852172852,0.17520537972450256
85.5,1.8471248149871826,0.19437411427497864
85.5999984741211,1.8508641719818115,0.21346253156661987
85.70000457763672,1.8521089553833008,0.23245005309581757
85.80000305175781,1.851404070854187,0.2513168454170227
85.9000015258789,1.8491830825805664,0.27005133032798767
86.0,1.845780372619629,0.2886436879634857
86.0999984741211,1.841460108757019,0.3070864975452423
86.20000457763672,1.8364250659942627,0.3253755569458008
86.30000305175781,1.8308312892913818,0.3435041904449463
86.4000015258789,1.824802279472351,0.36147066950798035
86.5,1.8184313774108887,0.37927305698394775
86.5999984741211,1.8117892742156982,0.3969099819660187
86.70000457763672,1.8049328327178955,0.41438186168670654
86.80000305175781,1.7979069948196411,0.43168550729751587
86.9000015258789,1.7907428741455078,0.4488222002983093
87.0,1.7834662199020386,0.4657920300960541
87.0999984741211,1.776098370552063,0.48259514570236206
87.20000457763672,1.768654704093933,0.49923327565193176
87.30000305175781,1.7611470222473145,0.5157043933868408
87.4000015258789,1.7535834312438965,0.5320103168487549
87.5,1.7459717988967896,0.5481516718864441
87.5999984741211,1.738318681716919,0.5641292333602905
87.70000457763672,1.7306268215179443,0.5799448490142822
87.80000305175781,1.722900152206421,0.5955968499183655
87.9000015258789,1.7151398658752441,0.6110873818397522
88.0,1.707348346710205,0.6264170408248901
88.0999984741211,1.6995271444320679,0.6415866613388062
88.20000457763672,1.6916766166687012,0.6565980911254883
88.30000305175781,1.683797836303711,0.6714498996734619
88.4000015258789,1.6758898496627808,0.6861440539360046
88.5,1.6679527759552002,0.7006813287734985
88.5999984741211,1.6599864959716797,0.7150624990463257
88.70000457763672,1.6519908905029297,0.7292892932891846
88.80000305175781,1.6439669132232666,0.7433603405952454
88.9000015258789,1.6359121799468994,0.7572774887084961
89.0,1.627825379371643,0.7710415124893188
89.0999984741211,1.6197057962417603,0.7846531867980957
89.20000457763672,1.611552357673645,0.7981141805648804
89.30000305175781,1.603366494178772,0.8114230632781982
89.4000015258789,1.595146656036377,0.8245816230773926
89.5,1.5868908166885376,0.8375905156135559
89.5999984741211,1.5785977840423584,0.8504504561424255
89.70000457763672,1.570265293121338,0.8631631135940552
89.80000305175781,1.5618934631347656,0.8757270574569702
89.9000015258789,1.553480625152588,0.8881438970565796
90.0,1.5450257062911987,0.9004143476486206
90.0999984741211,1.536527156829834,0.9125388264656067
90.20000457763672,1.5279825925827026,0.924518883228302
90.30000305175781,1.5193911790847778,0.936353325843811
90.4000015258789,1.5107507705688477,0.9480436444282532
90.5,1.5020593404769897,0.9595902562141418
90.5999984741211,1.4933154582977295,0.97099369764328
90.70000457763672,1.4845167398452759,0.9822553396224976
90.80000305175781,1.475662350654602,0.9933737516403198
90.9000015258789,1.4667493104934692,1.0043504238128662
91.0,1.4577754735946655,1.015185832977295
91.0999984741211,1.4487382173538208,1.025880217552185
91.20000457763672,1.4396344423294067,1.0364350080490112
91.30000305175781,1.4304628372192383,1.0468487739562988
91.4000015258789,1.421220064163208,1.0571225881576538
91.5,1.4119032621383667,1.0672569274902344
91.5999984741211,1.402509093284607,1.07725191116333
91.70000457763672,1.393033742904663,1.0871086120605469
91.80000305175781,1.3834755420684814,1.0968259572982788
91.9000015258789,1.3738303184509277,1.1064046621322632
92.0,1.3640942573547363,1.115844964981079
92.0999984741211,1.3542635440826416,1.1251471042633057
92.20000457763672,1.3443326950073242,1.1343117952346802
92.30000305175781,1.3342989683151245,1.1433377265930176
92.4000015258789,1.3241562843322754,1.1522256135940552
92.5,1.3138996362686157,1.1609755754470825
92.5999984741211,1.3035236597061157,1.169587254524231
92.70000457763672,1.2930223941802979,1.178061604499817
92.80000305175781,1.2823915481567383,1.186396837234497
92.9000015258789,1.271623969078064,1.1945936679840088
93.0,1.2607126235961914,1.2026517391204834
93.0999984741211,1.2496501207351685,1.2105708122253418
93.20000457763672,1.2384272813796997,1.2183510065078735
93.30000305175781,1.2270374298095703,1.225990891456604
93.4000015258789,1.215470314025879,1.2334905862808228
93.5,1.2037160396575928,1.2408493757247925
93.5999984741211,1.1917651891708374,1.248066782951355
93.70000457763672,1.1796057224273682,1.2551425695419312
93.80000305175781,1.1672273874282837,1.2620748281478882
93.9000015258789,1.154616117477417,1.2688632011413574
94.0,1.1417573690414429,1.275506615638733
94.0999984741211,1.1286356449127197,1.2820039987564087
94.20000457763672,1.1152329444885254,1.2883548736572266
94.30000305175781,1.1015335321426392,1.2945564985275269
94.4000015258789,1.0875155925750732,1.3006082773208618
94.5,1.0731592178344727,1.306508183479309
94.5999984741211,1.0584416389465332,1.312254786491394
94.70000457763672,1.0433361530303955,1.3178461790084839
94.80000305175781,1.0278165340423584,1.3232793807983398
94.9000015258789,1.0118498802185059,1.3285523653030396
95.0,0.9954015016555786,1.3336623907089233
95.0999984741211,0.9784337878227234,1.3386064767837524
95.20000457763672,0.960904598236084,1.3433820009231567
95.30000305175781,0.942768394947052,1.3479844331741333
95.4000015258789,0.9239728450775146,1.3524103164672852
95.5,0.9044659733772278,1.3566553592681885
95.5999984741211,0.8841858506202698,1.3607149124145508
95.70000457763672,0.8630584478378296,1.364583969116211
95.80000305175781,0.8410046696662903,1.3682559728622437
95.9000015258789,0.8179303407669067,1.3717243671417236
96.0,0.7937326431274414,1.3749819993972778
96.0999984741211,0.7682986855506897,1.3780208826065063
96.20000457763672,0.7415019273757935,1.3808326721191406
96.30000305175781,0.7131969332695007,1.3834067583084106
96.4000015258789,0.683216392993927,1.3857322931289673
96.5,0.6513680815696716,1.3877965211868286
96.5999984741211,0.6174314022064209,1.3895853757858276
96.70000457763672,0.5811538100242615,1.3910831212997437
96.80000305175781,0.5422542691230774,1.392271637916565
96.9000015258789,0.5004037618637085,1.393130898475647
97.0,0.4552241563796997,1.393638014793396
97.0999984741211,0.4062810242176056,1.3937667608261108
97.20000457763672,0.35307809710502625,1.3934876918792725
97.30000305175781,0.29506373405456543,1.3927674293518066
97.4000015258789,0.23160451650619507,1.3915678262710571
97.5,0.16200140118598938,1.3898457288742065
97.5999984741211,0.085493303835392,1.3875526189804077
97.70000457763672,0.0012723952531814575,1.3846335411071777
97.80000305175781,-0.09144208580255508,1.381028413772583
97.9000015258789,-0.19338805973529816,1.376670479774475
98.0,-0.3051066994667053,1.3714885711669922
98.0999984741211,-0.42680028080940247,1.365409255027771
98.20000457763672,-0.5581459403038025,1.3583585023880005
98.30000305175781,-0.6979885697364807,1.3502711057662964
98.4000015258789,-0.844239354133606,1.3410927057266235
98.5,-0.9936902523040771,1.3307912349700928
98.5999984741211,-1.142203450202942,1.3193646669387817
98.70000457763672,-1.2850676774978638,1.30684494972229
98.80000305175781,-1.4176743030548096,1.2933049201965332
98.9000015258789,-1.5362601280212402,1.2788478136062622
99.0,-1.6384457349777222,1.2636016607284546
99.0999984741211,-1.7234305143356323,1.2477065324783325
99.20000457763672,-1.7918117046356201,1.2313008308410645
99.30000305175781,-1.8451875448226929,1.2145169973373413
99.4000015258789,-1.8856817483901978,1.197467565536499
99.5,-1.9155522584915161,1.1802476644515991
99.5999984741211,-1.936922311782837,1.1629348993301392
99.70000457763672,-1.951643466949463,1.1455883979797363
99.80000305175781,-1.9612525701522827,1.1282577514648438
99.9000015258789,-1.966975212097168,1.110977292060852
100.0,-1.9697734117507935,1.0937737226486206
